author,authorLabel,birthDate,deathDate,birthPlaceLabel,deathPlaceLabel,genderLabel,countryLabel
http://www.wikidata.org/entity/Q86587,Johann Gabriel Seidl,1804-06-21T00:00:00Z,1875-07-18T00:00:00Z,Вена,Вена,мужской пол,Австрийская империя
http://www.wikidata.org/entity/Q48173,Бедржих Сметана,1824-03-02T00:00:00Z,1884-05-12T00:00:00Z,Литомишль,Прага,мужской пол,Австро-Венгрия
http://www.wikidata.org/entity/Q48173,Бедржих Сметана,1824-03-02T00:00:00Z,1884-05-12T00:00:00Z,Литомишль,Прага,мужской пол,Австрийская империя
http://www.wikidata.org/entity/Q204018,Джей Коул,1985-01-28T00:00:00Z,,Франкфурт-на-Майне,,мужской пол,США
http://www.wikidata.org/entity/Q352914,Карел Яромир Эрбен,1811-11-07T00:00:00Z,1870-11-21T00:00:00Z,Милетин,Прага,мужской пол,Австро-Венгрия
http://www.wikidata.org/entity/Q352914,Карел Яромир Эрбен,1811-11-07T00:00:00Z,1870-11-21T00:00:00Z,Милетин,Прага,мужской пол,Австрийская империя
http://www.wikidata.org/entity/Q164703,Людвик Куба,1863-04-16T00:00:00Z,1956-11-30T00:00:00Z,Подебрады,Прага,мужской пол,Чехословакия
http://www.wikidata.org/entity/Q164703,Людвик Куба,1863-04-16T00:00:00Z,1956-11-30T00:00:00Z,Подебрады,Прага,мужской пол,Австро-Венгрия
http://www.wikidata.org/entity/Q164703,Людвик Куба,1863-04-16T00:00:00Z,1956-11-30T00:00:00Z,Подебрады,Прага,мужской пол,Австрийская империя
http://www.wikidata.org/entity/Q302596,Джек Клемент,1931-04-05T00:00:00Z,2013-08-08T00:00:00Z,Мемфис,Нашвилл,мужской пол,США
http://www.wikidata.org/entity/Q269879,Сара Фуллер Флауэр Адамс,1805-02-22T00:00:00Z,1848-08-14T00:00:00Z,Old Harlow,Большой Лондон,женский пол,Соединённое королевство Великобритании и Ирландии
http://www.wikidata.org/entity/Q81960,Роберт Бёрнс,1759-01-25T00:00:00Z,1796-07-21T00:00:00Z,Аллоуэй,Дамфрис,мужской пол,Королевство Великобритания
http://www.wikidata.org/entity/Q350426,Адам Вацлав Михна,1600-01-01T00:00:00Z,1676-11-02T00:00:00Z,Йиндржихув-Градец,Йиндржихув-Градец,мужской пол,
http://www.wikidata.org/entity/Q12735,Ян Амос Коменский,1592-03-28T00:00:00Z,1670-11-15T00:00:00Z,Угерски-Брод,Амстердам,мужской пол,Габсбургская монархия
http://www.wikidata.org/entity/Q448799,Магдалена Добромила Реттигова,1785-01-31T00:00:00Z,1845-08-05T00:00:00Z,Вшерадице,Литомишль,женский пол,Австрийская империя
http://www.wikidata.org/entity/Q448799,Магдалена Добромила Реттигова,1785-01-31T00:00:00Z,1845-08-05T00:00:00Z,Вшерадице,Литомишль,женский пол,Габсбургская монархия
http://www.wikidata.org/entity/Q269879,Сара Фуллер Флауэр Адамс,1805-02-22T00:00:00Z,1848-08-14T00:00:00Z,Эссекс,Большой Лондон,женский пол,Соединённое королевство Великобритании и Ирландии
http://www.wikidata.org/entity/Q545818,Франтишек Ладислав Челаковский,1799-03-07T00:00:00Z,1852-08-05T00:00:00Z,Страконице,Прага,мужской пол,Австрийская империя
http://www.wikidata.org/entity/Q350426,Адам Вацлав Михна,1600-01-01T00:00:00Z,1676-10-16T00:00:00Z,Йиндржихув-Градец,Йиндржихув-Градец,мужской пол,
http://www.wikidata.org/entity/Q42775,Джонни Кэш,1932-02-26T00:00:00Z,2003-09-12T00:00:00Z,Кингсленд,Нашвилл,мужской пол,США
http://www.wikidata.org/entity/Q326196,Мерл Килгор,1934-08-09T00:00:00Z,2005-02-06T00:00:00Z,Чикашей,Мексика,мужской пол,США
http://www.wikidata.org/entity/Q184933,Леош Яначек,1854-07-03T00:00:00Z,1928-08-12T00:00:00Z,Гуквальды,Moravská Ostrava,мужской пол,Чехословакия
http://www.wikidata.org/entity/Q184933,Леош Яначек,1854-07-03T00:00:00Z,1928-08-12T00:00:00Z,Гуквальды,Moravská Ostrava,мужской пол,Австрийская империя
http://www.wikidata.org/entity/Q238719,Наоми Шемер,1930-07-13T00:00:00Z,2004-06-26T00:00:00Z,Квуцат-Кинерет,Медицинский центр имени Сураски,женский пол,Израиль
http://www.wikidata.org/entity/Q184933,Леош Яначек,1854-07-03T00:00:00Z,1928-08-12T00:00:00Z,Гуквальды,Острава,мужской пол,Чехословакия
http://www.wikidata.org/entity/Q542956,Анита Картер,1933-05-31T00:00:00Z,1999-07-29T00:00:00Z,Maces Spring,Goodlettsville,женский пол,США
http://www.wikidata.org/entity/Q184933,Леош Яначек,1854-07-03T00:00:00Z,1928-08-12T00:00:00Z,Гуквальды,Острава,мужской пол,Австрийская империя
http://www.wikidata.org/entity/Q233253,Джун Картер,1929-06-23T00:00:00Z,2003-05-15T00:00:00Z,Maces Spring,Нашвилл,женский пол,США
http://www.wikidata.org/entity/Q542956,Анита Картер,1933-03-31T00:00:00Z,1999-07-29T00:00:00Z,Maces Spring,Goodlettsville,женский пол,США
http://www.wikidata.org/entity/Q20741068,Andy Arthurs,,,,,мужской пол,
http://www.wikidata.org/entity/Q861915,Билл Энтони,1930-03-28T00:00:00Z,1961-09-13T00:00:00Z,Нью-Йорк,,мужской пол,США
http://www.wikidata.org/entity/Q5889146,Irene Linders,1955-08-07T00:00:00Z,,,,женский пол,Королевство Нидерландов
http://www.wikidata.org/entity/Q5345269,Edward Seago,1910-03-31T00:00:00Z,1974-01-19T00:00:00Z,Норидж,Лондон,мужской пол,Великобритания
http://www.wikidata.org/entity/Q120915,Фридрих Гофман,1813-04-18T00:00:00Z,1888-08-14T00:00:00Z,Кобург,Ильменау,мужской пол,Саксен-Кобург-Гота
http://www.wikidata.org/entity/Q2134234,Piet Veerman,1943-03-01T00:00:00Z,,Волендам,,мужской пол,Королевство Нидерландов
http://www.wikidata.org/entity/Q247065,Завиш из Запи,1360-01-01T00:00:00Z,1411-01-01T00:00:00Z,Запи,Прага,мужской пол,
http://www.wikidata.org/entity/Q15830041,František Komprda,1852-01-26T00:00:00Z,1903-04-24T00:00:00Z,Lysice,Брно,мужской пол,
http://www.wikidata.org/entity/Q16018926,Werner Theunissen,1942-05-12T00:00:00Z,2010-01-18T00:00:00Z,Херлен,,мужской пол,Королевство Нидерландов
http://www.wikidata.org/entity/Q247065,Завиш из Запи,1360-01-01T00:00:00Z,1422-01-01T00:00:00Z,Запи,Прага,мужской пол,
http://www.wikidata.org/entity/Q20196149,Брюс Смит,,,Килмарнок,,мужской пол,Шотландия
http://www.wikidata.org/entity/Q455762,Вилли Девиль,1950-08-25T00:00:00Z,2009-08-06T00:00:00Z,Стамфорд,Нью-Йорк,мужской пол,США
http://www.wikidata.org/entity/Q105180,Соджорнер Трут,1797-01-01T00:00:00Z,1883-11-26T00:00:00Z,Хёрли,Батл-Крик,женский пол,США
http://www.wikidata.org/entity/Q633,Нил Янг,1945-11-12T00:00:00Z,,Торонто,,мужской пол,США
http://www.wikidata.org/entity/Q247065,Завиш из Запи,1350-01-01T00:00:00Z,1411-01-01T00:00:00Z,Запи,Прага,мужской пол,
http://www.wikidata.org/entity/Q961607,Václav Karel Holan Rovenský,1644-01-01T00:00:00Z,1718-02-27T00:00:00Z,Ровенско-под-Тросками,Вальдштейн,мужской пол,
http://www.wikidata.org/entity/Q937502,Херардо Родригес,1897-03-28T00:00:00Z,1948-04-25T00:00:00Z,Монтевидео,Монтевидео,мужской пол,Уругвай
http://www.wikidata.org/entity/Q5668484,Emilio José,1950-06-16T00:00:00Z,,Фернан Нуньес,,мужской пол,Испания
http://www.wikidata.org/entity/Q247065,Завиш из Запи,1350-01-01T00:00:00Z,1422-01-01T00:00:00Z,Запи,Прага,мужской пол,
http://www.wikidata.org/entity/Q20741073,Günter Lammers,,,,,мужской пол,Германия
http://www.wikidata.org/entity/Q633,Нил Янг,1945-11-12T00:00:00Z,,Торонто,,мужской пол,Канада
http://www.wikidata.org/entity/Q5952944,Хуан Сайсар,1933-11-09T00:00:00Z,1991-02-06T00:00:00Z,Халиско,,мужской пол,Мексика
http://www.wikidata.org/entity/Q1323453,Миюки Накадзима,1952-02-23T00:00:00Z,,Саппоро,,женский пол,Япония
http://www.wikidata.org/entity/Q20680156,Joe Rock,1936-05-16T00:00:00Z,2000-04-04T00:00:00Z,Питтсбург,Мемфис,мужской пол,США
http://www.wikidata.org/entity/Q5734832,Герберт Крецмер,1925-10-05T00:00:00Z,2020-10-14T00:00:00Z,Крунстад,Лондон,мужской пол,Великобритания
http://www.wikidata.org/entity/Q314358,Джефф Линн,1947-12-30T00:00:00Z,,Shard End,,мужской пол,Великобритания
http://www.wikidata.org/entity/Q937502,Херардо Родригес,1897-03-18T00:00:00Z,1948-04-25T00:00:00Z,Монтевидео,Монтевидео,мужской пол,Уругвай
http://www.wikidata.org/entity/Q1933271,Mike Leander,1941-06-30T00:00:00Z,1996-04-18T00:00:00Z,Уолтемстоу,Лондон,мужской пол,Великобритания
http://www.wikidata.org/entity/Q943914,Ховард Гудолл,1958-05-26T00:00:00Z,,Бромли,,мужской пол,Великобритания
http://www.wikidata.org/entity/Q5734832,Герберт Крецмер,1925-10-05T00:00:00Z,2020-10-14T00:00:00Z,Крунстад,Лондон,мужской пол,ЮАР
http://www.wikidata.org/entity/Q4143186,"Гончаренко, Георгий Иванович",1877-06-22T00:00:00Z,1940-12-12T00:00:00Z,Варшава,Рига,мужской пол,Российская империя
http://www.wikidata.org/entity/Q450453,Michael Holm,1943-07-29T00:00:00Z,,Щецин,,мужской пол,Германия
http://www.wikidata.org/entity/Q311655,Том Петти,1950-10-20T00:00:00Z,2017-10-02T00:00:00Z,Гейнсвилл,UCLA Santa Monica Medical Center,мужской пол,США
http://www.wikidata.org/entity/Q710593,Отто Линдблад,1809-03-31T00:00:00Z,1864-01-26T00:00:00Z,Карлсторп,Norra Mellby church parish,мужской пол,Швеция
http://www.wikidata.org/entity/Q12028567,Карел Тума,1843-09-06T00:00:00Z,1917-05-09T00:00:00Z,Прага,Прага,мужской пол,Австро-Венгрия
http://www.wikidata.org/entity/Q5952944,Хуан Сайсар,1933-11-09T00:00:00Z,1991-02-06T00:00:00Z,Тамасула-де-Гордьяно,,мужской пол,Мексика
http://www.wikidata.org/entity/Q5624641,Ellert Driessen,1958-08-21T00:00:00Z,,Амстердам,,мужской пол,Королевство Нидерландов
http://www.wikidata.org/entity/Q954019,Себастьян Ирадьер,1809-01-20T00:00:00Z,1865-12-06T00:00:00Z,Лансьего,Витория-Гастейс,мужской пол,Испания
http://www.wikidata.org/entity/Q20680150,Zelma Redding,1942-04-07T00:00:00Z,,Мейкон,,женский пол,США
http://www.wikidata.org/entity/Q937502,Херардо Родригес,1900-01-01T00:00:00Z,1948-04-25T00:00:00Z,Монтевидео,Монтевидео,мужской пол,Уругвай
http://www.wikidata.org/entity/Q20196273,Rainer Pietsch,1944-04-12T00:00:00Z,1997-08-21T00:00:00Z,Walburg,Мюнхен,мужской пол,Германия
http://www.wikidata.org/entity/Q188426,Рой Орбисон,1936-04-23T00:00:00Z,1988-12-06T00:00:00Z,Вернон,Нашвилл,мужской пол,США
http://www.wikidata.org/entity/Q961607,Václav Karel Holan Rovenský,1644-01-01T00:00:00Z,1718-02-27T00:00:00Z,Ровенско-под-Тросками,Ровенско-под-Тросками,мужской пол,
http://www.wikidata.org/entity/Q20196194,Hal Shaper,1931-07-18T00:00:00Z,2004-01-08T00:00:00Z,Мёйзенберг,Кейптаун,мужской пол,ЮАР
http://www.wikidata.org/entity/Q61400,Dieter Dierks,1943-02-09T00:00:00Z,,Stommeln,,мужской пол,Германия
http://www.wikidata.org/entity/Q329515,Карел Гашлер,1879-10-31T00:00:00Z,1941-12-22T00:00:00Z,Злихов,концлагерь Маутхаузен,мужской пол,Чехословакия
http://www.wikidata.org/entity/Q697863,Карол Кузманый,1806-11-16T00:00:00Z,1866-08-14T00:00:00Z,Брезно,Турчьянске Теплице,мужской пол,Австрийская империя
http://www.wikidata.org/entity/Q217839,Отис Реддинг,1941-09-09T00:00:00Z,1967-12-10T00:00:00Z,Досон,Мадисон,мужской пол,США
http://www.wikidata.org/entity/Q329515,Карел Гашлер,1879-10-31T00:00:00Z,1941-12-22T00:00:00Z,Злихов,концлагерь Маутхаузен,мужской пол,Австро-Венгрия
http://www.wikidata.org/entity/Q2265354,Ton Scherpenzeel,1952-08-06T00:00:00Z,,Хилверсюм,,мужской пол,Королевство Нидерландов
http://www.wikidata.org/entity/Q1990094,Константин Меладзе,1963-05-11T00:00:00Z,,Батуми,,мужской пол,Грузия
http://www.wikidata.org/entity/Q20746586,Michael Schepior,,,,,мужской пол,
http://www.wikidata.org/entity/Q1080664,Юрай Трановский,1592-03-27T00:00:00Z,1637-05-29T00:00:00Z,Чески-Тешин,Липтовски-Микулаш,мужской пол,
http://www.wikidata.org/entity/Q380799,Мэтт Покора,1985-09-26T00:00:00Z,,Страсбург,,мужской пол,Франция
http://www.wikidata.org/entity/Q11065945,Bedřich Peška,1820-10-25T00:00:00Z,1904-06-15T00:00:00Z,Усти-над-Орлици,Нове-Место,мужской пол,
http://www.wikidata.org/entity/Q1187795,Кана Уэмура,1983-01-04T00:00:00Z,,Каваниси,,женский пол,Япония
http://www.wikidata.org/entity/Q522739,Prodigy,1974-11-02T00:00:00Z,2017-06-20T00:00:00Z,Хемпстед,Лас-Вегас,мужской пол,США
http://www.wikidata.org/entity/Q1705143,Йозеф Звонарж,1824-01-22T00:00:00Z,1865-11-22T00:00:00Z,Кублов,Прага,мужской пол,
http://www.wikidata.org/entity/Q3364020,Hans Wiers-Jenssen,1866-11-25T00:00:00Z,1925-08-25T00:00:00Z,Берген,Берген,мужской пол,Норвегия
http://www.wikidata.org/entity/Q4233718,аноним,,,,,,
http://www.wikidata.org/entity/Q9369651,Wacław Denhoff-Czarnocki,1896-01-20T00:00:00Z,1927-04-11T00:00:00Z,Варшава,Быдгощ,мужской пол,Польша
http://www.wikidata.org/entity/Q7298,Антонин Дворжак,1841-09-08T00:00:00Z,1904-05-01T00:00:00Z,Нелагозевес,Нове-Место,мужской пол,Цислейтания
http://www.wikidata.org/entity/Q98046423,Joëlle Kopf,1950-05-14T00:00:00Z,2019-06-22T00:00:00Z,Страсбург,Испания,женский пол,Франция
http://www.wikidata.org/entity/Q606125,Хэвок,1974-05-21T00:00:00Z,,Бруклин,,мужской пол,США
http://www.wikidata.org/entity/Q19182,Алиша Диксон,1978-10-07T00:00:00Z,,Уэлин-Гарден-Сити,,женский пол,Великобритания
http://www.wikidata.org/entity/Q5701997,Хелен Картер,1927-09-19T00:00:00Z,1998-06-02T00:00:00Z,Виргиния,,женский пол,США
http://www.wikidata.org/entity/Q1080664,Юрай Трановский,1592-03-27T00:00:00Z,1637-05-29T00:00:00Z,Цешин,Липтовски-Микулаш,мужской пол,
http://www.wikidata.org/entity/Q7298,Антонин Дворжак,1841-09-08T00:00:00Z,1904-05-01T00:00:00Z,Нелагозевес,Нове-Место,мужской пол,Королевство Богемия
http://www.wikidata.org/.well-known/genid/10860ef138495451747f114972c493c2,http://www.wikidata.org/.well-known/genid/10860ef138495451747f114972c493c2,,,,,,
http://www.wikidata.org/.well-known/genid/e3a108251bdc5d92be08b6f4680bcee3,http://www.wikidata.org/.well-known/genid/e3a108251bdc5d92be08b6f4680bcee3,,,,,,
http://www.wikidata.org/entity/Q3086793,Fred Blondin,1964-03-06T00:00:00Z,,Сюрен,,мужской пол,Франция
http://www.wikidata.org/entity/Q625737,Kenzie,1976-02-03T00:00:00Z,,Симане,,женский пол,Республика Корея
http://www.wikidata.org/entity/Q351670,Комитас,1869-10-08T00:00:00Z,1935-10-22T00:00:00Z,Кютахья,Париж,мужской пол,Франция
http://www.wikidata.org/entity/Q271045,Jackie DeShannon,1941-08-21T00:00:00Z,,Hazel,,женский пол,США
http://www.wikidata.org/entity/Q1438472,Xenomania,,,,,,
http://www.wikidata.org/entity/Q725210,Венцель Мюллер,1759-09-26T00:00:00Z,1835-08-03T00:00:00Z,Městečko Trnávka,Баден,мужской пол,Австрийская империя
http://www.wikidata.org/entity/Q596698,Эндрю Голд,1951-08-02T00:00:00Z,2011-06-03T00:00:00Z,Бербанк,Лос-Анджелес,мужской пол,США
http://www.wikidata.org/entity/Q744242,Theory of a Deadman,,,,,,
http://www.wikidata.org/entity/Q180004,Ферги,1975-03-27T00:00:00Z,,Уиттиер,,женский пол,США
http://www.wikidata.org/entity/Q20196460,Iain Sutherland,1948-11-17T00:00:00Z,2019-11-25T00:00:00Z,Эллон,,мужской пол,
http://www.wikidata.org/entity/Q7292214,Randy Goodrum,1947-07-07T00:00:00Z,,Хот-Спрингс,,мужской пол,США
http://www.wikidata.org/entity/Q1285482,Йозеф Властимил Камарит,1797-01-21T00:00:00Z,1833-03-19T00:00:00Z,Велешин,Klokoty,мужской пол,Австрийская империя
http://www.wikidata.org/entity/Q185002,Милен Фармер,1961-09-12T00:00:00Z,,Пьерфон,,женский пол,Франция
http://www.wikidata.org/entity/Q351670,Комитас,1869-10-08T00:00:00Z,1935-10-22T00:00:00Z,Кютахья,Париж,мужской пол,Османская империя
http://www.wikidata.org/entity/Q352930,Jimmy Driftwood,1907-06-20T00:00:00Z,1998-07-12T00:00:00Z,West Richwoods,Фейетвилл,мужской пол,США
http://www.wikidata.org/entity/Q274209,Sharon Sheeley,1940-04-04T00:00:00Z,2002-05-17T00:00:00Z,Лос-Анджелес,Лос-Анджелес,женский пол,США
http://www.wikidata.org/entity/Q3198918,Kore & Skalp,,,,,,
http://www.wikidata.org/entity/Q485348,башкиры,,,,,,
http://www.wikidata.org/entity/Q42025,Q-Tip,1970-04-10T00:00:00Z,,Гарлем,,мужской пол,США
http://www.wikidata.org/entity/Q3364020,Hans Wiers-Jenssen,1866-11-25T00:00:00Z,1925-08-28T00:00:00Z,Берген,Берген,мужской пол,Норвегия
http://www.wikidata.org/entity/Q541599,Долорес О’Риордан,1971-09-06T00:00:00Z,2018-01-15T00:00:00Z,Баллибрикен,Лондон,женский пол,Ирландия
http://www.wikidata.org/entity/Q185002,Милен Фармер,1961-09-12T00:00:00Z,,Пьерфон,,женский пол,Канада
http://www.wikidata.org/entity/Q351670,Комитас,1869-10-08T00:00:00Z,1935-10-22T00:00:00Z,Кютахья,Париж,мужской пол,Российская империя
http://www.wikidata.org/entity/Q4755169,Андреа Мартин,1967-04-23T00:00:00Z,,,,женский пол,ФРГ
http://www.wikidata.org/entity/Q30920740,Khắc Hưng,1992-01-01T00:00:00Z,,Йенбай,,мужской пол,
http://www.wikidata.org/entity/Q167889,Зази,1964-04-18T00:00:00Z,,Булонь-Бийанкур,,женский пол,Франция
http://www.wikidata.org/entity/Q725210,Венцель Мюллер,1759-09-26T00:00:00Z,1835-08-03T00:00:00Z,Městečko Trnávka,Баден,мужской пол,Эрцгерцогство Австрия
http://www.wikidata.org/entity/Q5524791,Gary Burr,,,,,мужской пол,США
http://www.wikidata.org/entity/Q1705143,Йозеф Звонарж,1824-01-22T00:00:00Z,1865-11-23T00:00:00Z,Кублов,Прага,мужской пол,
http://www.wikidata.org/entity/Q7694067,Тедди Пак,1978-09-14T00:00:00Z,,Сеул,,мужской пол,Республика Корея
http://www.wikidata.org/entity/Q166796,GoonRock,1975-04-18T00:00:00Z,,Принстон,,мужской пол,США
http://www.wikidata.org/entity/Q38520137,Antonín Vorel,1843-04-10T00:00:00Z,1925-03-26T00:00:00Z,Вельке-Мезиржичи,Вельке-Мезиржичи,мужской пол,Чехословакия
http://www.wikidata.org/entity/Q231530,Кара Диогуарди,1970-12-09T00:00:00Z,,Оссининг,,женский пол,США
http://www.wikidata.org/entity/Q9001261,Guille Milkyway,1974-04-25T00:00:00Z,,Барселона,,мужской пол,Испания
http://www.wikidata.org/.well-known/genid/7f806e614bcd784a409c2bd87c014b54,http://www.wikidata.org/.well-known/genid/7f806e614bcd784a409c2bd87c014b54,,,,,,
http://www.wikidata.org/entity/Q1894116,Михаил Балуцкий,1837-09-29T00:00:00Z,1901-10-17T00:00:00Z,Краков,Краков,мужской пол,Польша
http://www.wikidata.org/entity/Q212089,Алан Парсонс,1948-12-20T00:00:00Z,,Уиллесден,,мужской пол,Великобритания
http://www.wikidata.org/entity/Q453987,Дезмонд Чайлд,1953-10-28T00:00:00Z,,Гейнсвилл,,мужской пол,США
http://www.wikidata.org/entity/Q453987,Дезмонд Чайлд,1953-10-28T00:00:00Z,,Гейнсвилл,,мужской пол,Венгрия
http://www.wikidata.org/entity/Q1354493,Вацлав Ганка,1791-06-10T00:00:00Z,1861-01-12T00:00:00Z,Горжиневес,Прага,мужской пол,Австрийская империя
http://www.wikidata.org/entity/Q185343,Марк Нопфлер,1949-08-12T00:00:00Z,,Глазго,,мужской пол,Великобритания
http://www.wikidata.org/entity/Q5640719,Hal Bynum,1934-01-01T00:00:00Z,2022-06-02T00:00:00Z,Техас,,мужской пол,США
http://www.wikidata.org/entity/Q160263,Давид Гроссман,1954-01-25T00:00:00Z,,Иерусалим,,мужской пол,Израиль
http://www.wikidata.org/entity/Q872299,Милота-Здирад Поляк,1788-02-14T00:00:00Z,1856-03-31T00:00:00Z,Засмуки,Винер-Нойштадт,мужской пол,
http://www.wikidata.org/entity/Q3490610,Франтишек Бартош,1837-03-16T00:00:00Z,1906-06-11T00:00:00Z,Mladcová,Mladcová,мужской пол,Цислейтания
http://www.wikidata.org/entity/Q3713632,Дональд Робертсон,1922-12-05T00:00:00Z,2015-03-16T00:00:00Z,Пекин,,мужской пол,США
http://www.wikidata.org/entity/Q1894116,Михаил Балуцкий,1837-09-29T00:00:00Z,1901-10-17T00:00:00Z,Краков,Краков,мужской пол,Австрийская империя
http://www.wikidata.org/entity/Q20754934,Dick Altena,,,,,мужской пол,Королевство Нидерландов
http://www.wikidata.org/entity/Q7397595,Sadasiva Brahmendra,1700-01-01T00:00:00Z,,Мадурай,Nerur,мужской пол,
http://www.wikidata.org/entity/Q3546362,Malory,1985-01-10T00:00:00Z,,Мадагаскар,,мужской пол,Франция
http://www.wikidata.org/entity/Q575900,Вэнь Тяньсян,1236-06-13T00:00:00Z,1283-01-16T00:00:00Z,Цзиань,Ханбалык,мужской пол,Southern Song dynasty
http://www.wikidata.org/entity/Q117110,Зденек Фибих,1850-12-21T00:00:00Z,1900-10-15T00:00:00Z,Вшеборжице,Нове-Место,мужской пол,Австро-Венгрия
http://www.wikidata.org/entity/Q2704746,Ноэл Хоган,1971-12-25T00:00:00Z,,Лимерик,,мужской пол,Ирландия
http://www.wikidata.org/entity/Q3091084,Xabier Lete,1944-04-05T00:00:00Z,2010-12-04T00:00:00Z,Ойярсун,Сан-Себастьян,мужской пол,Испания
http://www.wikidata.org/entity/Q1506268,Jiři Strejc,1536-01-01T00:00:00Z,1599-01-23T00:00:00Z,Забржег,Жидлоховице,мужской пол,
http://www.wikidata.org/entity/Q1894116,Михаил Балуцкий,1837-09-29T00:00:00Z,1901-10-17T00:00:00Z,Краков,Краков,мужской пол,Российская империя
http://www.wikidata.org/entity/Q2890892,Хаим Хефер,1925-10-29T00:00:00Z,2012-09-18T00:00:00Z,Сосновец,Тель-Авив,мужской пол,Израиль
http://www.wikidata.org/entity/Q3045517,Габриель Арести,1933-10-14T00:00:00Z,1975-06-05T00:00:00Z,Бильбао,Бильбао,мужской пол,Испания
http://www.wikidata.org/entity/Q1990094,Константин Меладзе,1963-05-11T00:00:00Z,,Батуми,,мужской пол,Россия
http://www.wikidata.org/entity/Q1990094,Константин Меладзе,1963-05-11T00:00:00Z,,Батуми,,мужской пол,Украина
http://www.wikidata.org/entity/Q1990094,Константин Меладзе,1963-05-11T00:00:00Z,,Батуми,,мужской пол,СССР
http://www.wikidata.org/entity/Q3536517,Аннамачарья,1408-05-18T00:00:00Z,1503-03-05T00:00:00Z,Q15702810,Тирупати,мужской пол,
http://www.wikidata.org/entity/Q1285482,Йозеф Властимил Камарит,1797-01-21T00:00:00Z,1833-03-19T00:00:00Z,Велешин,Табор,мужской пол,Австрийская империя
http://www.wikidata.org/entity/Q575900,Вэнь Тяньсян,1236-06-13T00:00:00Z,1283-01-16T00:00:00Z,Цзиань,Ханбалык,мужской пол,империя Сун
http://www.wikidata.org/entity/Q1705960,Йозеф Вацлав Сладек,1845-10-27T00:00:00Z,1912-06-28T00:00:00Z,Збирог,Збирог,мужской пол,Австрийская империя
http://www.wikidata.org/entity/Q13213238,Louis Loiseau,1858-05-03T00:00:00Z,1923-04-23T00:00:00Z,Moignelée,Иксель,мужской пол,
http://www.wikidata.org/entity/Q57339,Дон Маклин,1945-10-02T00:00:00Z,,Нью-Рошелл,,мужской пол,США
http://www.wikidata.org/entity/Q15408548,Йосеф Срб,1836-09-18T00:00:00Z,1904-09-01T00:00:00Z,Дербне,Мала-Страна,мужской пол,
http://www.wikidata.org/entity/Q1354493,Вацлав Ганка,1791-06-10T00:00:00Z,1861-01-12T00:00:00Z,Градец-Кралове,Прага,мужской пол,Австрийская империя
http://www.wikidata.org/entity/Q20741079,David Christopher John Colman,1944-09-29T00:00:00Z,,Бристоль,,мужской пол,Великобритания
http://www.wikidata.org/entity/Q7823630,Tony Waddington,1943-01-01T00:00:00Z,,,,мужской пол,Великобритания
http://www.wikidata.org/entity/Q77002,ATB,1973-02-26T00:00:00Z,,Фрайберг,,мужской пол,Германия
http://www.wikidata.org/entity/Q7976043,Wayne Bickerton,1941-07-11T00:00:00Z,2015-11-29T00:00:00Z,Рил,Хартфордшир,мужской пол,Великобритания
http://www.wikidata.org/entity/Q1766948,Racoon,,,,,,
http://www.wikidata.org/entity/Q46087,Анук,1975-04-08T00:00:00Z,,Гаага,,женский пол,Королевство Нидерландов
http://www.wikidata.org/entity/Q552384,"Д’Арби, Теренс Трент",1962-03-15T00:00:00Z,,Нью-Йорк,,мужской пол,США
http://www.wikidata.org/entity/Q274680,Юлия Хаусман,1826-03-19T00:00:00Z,1901-08-15T00:00:00Z,Рига,Вызу,женский пол,Российская империя
http://www.wikidata.org/entity/Q5727232,Henry Priestman,1955-06-21T00:00:00Z,,Кингстон-апон-Халл,,мужской пол,Великобритания
http://www.wikidata.org/.well-known/genid/b71e033be1d89585eac38e7aa277e40a,http://www.wikidata.org/.well-known/genid/b71e033be1d89585eac38e7aa277e40a,,,,,,
http://www.wikidata.org/entity/Q12022810,Ян Малат,1843-06-16T00:00:00Z,1915-12-02T00:00:00Z,Starý Bydžov,Смихов,мужской пол,Цислейтания
http://www.wikidata.org/.well-known/genid/893706b585f0b0a647623ef87c011bd7,http://www.wikidata.org/.well-known/genid/893706b585f0b0a647623ef87c011bd7,,,,,,
http://www.wikidata.org/entity/Q3179409,Jo Lemaire,1956-01-05T00:00:00Z,,Жамблу,,женский пол,Бельгия
http://www.wikidata.org/entity/Q312801,Пер Гессле,1959-01-12T00:00:00Z,,Хальмстад,,мужской пол,Швеция
http://www.wikidata.org/entity/Q98640237,A7S,1994-05-03T00:00:00Z,,Шеллефтео,,мужской пол,Швеция
http://www.wikidata.org/entity/Q55762516,Lolly Vegas,1939-10-02T00:00:00Z,2010-03-04T00:00:00Z,Коалинга,Reseda,мужской пол,США
http://www.wikidata.org/.well-known/genid/a49b7b9ba5d0df3f1769ebd3e8073e6e,http://www.wikidata.org/.well-known/genid/a49b7b9ba5d0df3f1769ebd3e8073e6e,,,,,,
http://www.wikidata.org/entity/Q2285204,Wim Kerkhof,1953-04-05T00:00:00Z,,,,мужской пол,Королевство Нидерландов
http://www.wikidata.org/.well-known/genid/e24b80bbca494853035fe3680ce1cff0,http://www.wikidata.org/.well-known/genid/e24b80bbca494853035fe3680ce1cff0,,,,,,
http://www.wikidata.org/entity/Q2657491,Нильс Дестадсбадер,1988-08-19T00:00:00Z,,Кортрейк,,мужской пол,Бельгия
http://www.wikidata.org/entity/Q1409153,Regi Penxten,1976-03-04T00:00:00Z,,Хасселт,,мужской пол,Бельгия
http://www.wikidata.org/entity/Q5902263,Тобиас Карлссон,2000-01-01T00:00:00Z,,Швеция,,мужской пол,
http://www.wikidata.org/.well-known/genid/c732e88958ca7ea57f3956658a801501,http://www.wikidata.org/.well-known/genid/c732e88958ca7ea57f3956658a801501,,,,,,
http://www.wikidata.org/.well-known/genid/ba81638173e9ee2460fbb9dc2adf721f,http://www.wikidata.org/.well-known/genid/ba81638173e9ee2460fbb9dc2adf721f,,,,,,
http://www.wikidata.org/entity/Q112973,Сэнди Бэрон,1936-05-05T00:00:00Z,2001-01-21T00:00:00Z,Бруклин,Ван-Найс,мужской пол,США
http://www.wikidata.org/entity/Q7976043,Wayne Bickerton,1941-07-11T00:00:00Z,2015-11-28T00:00:00Z,Рил,Хартфордшир,мужской пол,Великобритания
http://www.wikidata.org/.well-known/genid/09c695f5889b6028019e53a5fb691374,http://www.wikidata.org/.well-known/genid/09c695f5889b6028019e53a5fb691374,,,,,,
http://www.wikidata.org/entity/Q52186298,Jan Groenteman,,,,,мужской пол,Бельгия
http://www.wikidata.org/entity/Q318475,Рэнди Ньюман,1943-11-28T00:00:00Z,,Лос-Анджелес,,мужской пол,США
http://www.wikidata.org/.well-known/genid/c981305556bcab07dada11b53e356ec2,http://www.wikidata.org/.well-known/genid/c981305556bcab07dada11b53e356ec2,,,,,,
http://www.wikidata.org/entity/Q3110370,Miguel Wiels,1972-09-01T00:00:00Z,,Гент,,мужской пол,Бельгия
http://www.wikidata.org/entity/Q112973,Сэнди Бэрон,1937-05-05T00:00:00Z,2001-01-21T00:00:00Z,Бруклин,Ван-Найс,мужской пол,США
http://www.wikidata.org/.well-known/genid/afd30b9b8dc1f4289af03ab76e143d7a,http://www.wikidata.org/.well-known/genid/afd30b9b8dc1f4289af03ab76e143d7a,,,,,,
http://www.wikidata.org/entity/Q17189364,Paskal Jakobsen,1974-01-20T00:00:00Z,,Флиссинген,,мужской пол,Королевство Нидерландов
http://www.wikidata.org/entity/Q20804322,Topic,1992-03-23T00:00:00Z,,Золинген,,мужской пол,Германия
http://www.wikidata.org/entity/Q107283556,Jorge Araújo Chiriboga,1892-01-01T00:00:00Z,1970-01-01T00:00:00Z,,,мужской пол,Эквадор
http://www.wikidata.org/.well-known/genid/eedecf7721ab3026744382c0bb87d3c2,http://www.wikidata.org/.well-known/genid/eedecf7721ab3026744382c0bb87d3c2,,,,,,
http://www.wikidata.org/.well-known/genid/c32f613e2e20578cb733edc1ec5d393f,http://www.wikidata.org/.well-known/genid/c32f613e2e20578cb733edc1ec5d393f,,,,,,
http://www.wikidata.org/entity/Q4476586,Wally Tax,1948-02-14T00:00:00Z,2005-04-10T00:00:00Z,Амстердам,Амстердам,мужской пол,Королевство Нидерландов
http://www.wikidata.org/entity/Q463462,Ильзе ДеЛанж,1977-05-13T00:00:00Z,,Алмело,,женский пол,Королевство Нидерландов
http://www.wikidata.org/.well-known/genid/077de3f46b58f3f771c23231272860c4,http://www.wikidata.org/.well-known/genid/077de3f46b58f3f771c23231272860c4,,,,,,
http://www.wikidata.org/entity/Q634100,Йозеф Каэтан Тыл,1808-02-04T00:00:00Z,1856-07-11T00:00:00Z,Кутна-Гора,Пльзень,мужской пол,Австрийская империя
http://www.wikidata.org/entity/Q298360,Грейсон Ченс,1997-08-16T00:00:00Z,,Уичито-Фолс,,мужской пол,США
http://www.wikidata.org/entity/Q2270698,Nick Schilder,1983-11-06T00:00:00Z,,,,мужской пол,Королевство Нидерландов
http://www.wikidata.org/entity/Q10773635,Алеш Бальцарек,1840-02-21T00:00:00Z,1862-05-08T00:00:00Z,Шумвальд,Прага,мужской пол,
http://www.wikidata.org/.well-known/genid/dd6948058fb7a907586650baa4046809,http://www.wikidata.org/.well-known/genid/dd6948058fb7a907586650baa4046809,,,,,,
http://www.wikidata.org/entity/Q2187957,Луис Агиле,1936-02-24T00:00:00Z,2009-10-10T00:00:00Z,Буэнос-Айрес,Мадрид,мужской пол,Испания
http://www.wikidata.org/entity/Q2187957,Луис Агиле,1936-02-24T00:00:00Z,2009-10-10T00:00:00Z,Буэнос-Айрес,Мадрид,мужской пол,Аргентина
http://www.wikidata.org/.well-known/genid/eb5c6cf8d99aac19e6529201d5e32c54,http://www.wikidata.org/.well-known/genid/eb5c6cf8d99aac19e6529201d5e32c54,,,,,,
http://www.wikidata.org/.well-known/genid/e431db92010d42170ec33d23d8f3ac43,http://www.wikidata.org/.well-known/genid/e431db92010d42170ec33d23d8f3ac43,,,,,,
http://www.wikidata.org/entity/Q2355665,Дуви Боб,1992-12-12T00:00:00Z,,Амстердам,,мужской пол,Королевство Нидерландов
http://www.wikidata.org/.well-known/genid/9289686749001478c2ad3042deda0604,http://www.wikidata.org/.well-known/genid/9289686749001478c2ad3042deda0604,,,,,,
http://www.wikidata.org/entity/Q549179,Гэри Брукер,1945-05-29T00:00:00Z,2022-02-19T00:00:00Z,"The Salvation Army Mothers' Hospital, Front Buildings",Гилфорд,мужской пол,Великобритания
http://www.wikidata.org/entity/Q99696326,Garry Christian,,,,,мужской пол,
http://www.wikidata.org/entity/Q713172,Кит Рид,1946-10-19T00:00:00Z,2023-03-23T00:00:00Z,Уэлин-Гарден-Сити,Лондон,мужской пол,Великобритания
http://www.wikidata.org/entity/Q56274265,Пэт Вегас,1946-03-17T00:00:00Z,,Коалинга,,мужской пол,
http://www.wikidata.org/.well-known/genid/c95e041cd7d68ad727cdf96d2265fa3e,http://www.wikidata.org/.well-known/genid/c95e041cd7d68ad727cdf96d2265fa3e,,,,,,
http://www.wikidata.org/entity/Q529603,Патрик Леонард,1956-03-14T00:00:00Z,,Кристал-Фолс,,мужской пол,США
http://www.wikidata.org/.well-known/genid/e50509d966042af35b04d399ae545f15,http://www.wikidata.org/.well-known/genid/e50509d966042af35b04d399ae545f15,,,,,,
http://www.wikidata.org/entity/Q10773635,Алеш Бальцарек,1840-02-21T00:00:00Z,1862-05-01T00:00:00Z,Шумвальд,Прага,мужской пол,
http://www.wikidata.org/.well-known/genid/821089dbb519d29b46a93336453be3c6,http://www.wikidata.org/.well-known/genid/821089dbb519d29b46a93336453be3c6,,,,,,
http://www.wikidata.org/.well-known/genid/d8a75670c33cec1fc319619bbee8100b,http://www.wikidata.org/.well-known/genid/d8a75670c33cec1fc319619bbee8100b,,,,,,
http://www.wikidata.org/entity/Q47494632,Thijs Boontjes,1987-11-14T00:00:00Z,,,,мужской пол,Королевство Нидерландов
http://www.wikidata.org/.well-known/genid/ae5f3ec0f3c3c4e0f70e139c78a2681e,http://www.wikidata.org/.well-known/genid/ae5f3ec0f3c3c4e0f70e139c78a2681e,,,,,,
http://www.wikidata.org/.well-known/genid/be30d6a134b849438a250e9c0ca087b4,http://www.wikidata.org/.well-known/genid/be30d6a134b849438a250e9c0ca087b4,,,,,,
http://www.wikidata.org/.well-known/genid/bbdbe7cf2edc358cd18338b07117aaa3,http://www.wikidata.org/.well-known/genid/bbdbe7cf2edc358cd18338b07117aaa3,,,,,,
http://www.wikidata.org/.well-known/genid/95c73681d83053716b59d5b960b0027c,http://www.wikidata.org/.well-known/genid/95c73681d83053716b59d5b960b0027c,,,,,,
http://www.wikidata.org/entity/Q1955970,Matthijs van Duijvenbode,1981-06-03T00:00:00Z,,,,мужской пол,Королевство Нидерландов
http://www.wikidata.org/entity/Q239355,Шломо Ибн Гебироль,1020-01-01T00:00:00Z,1070-01-01T00:00:00Z,Малага,Валенсия,мужской пол,Кордовский халифат
http://www.wikidata.org/entity/Q10392625,Václav Juda Novotný,1849-09-17T00:00:00Z,1922-08-01T00:00:00Z,Vesce,Нове-Место,мужской пол,Австро-Венгрия
http://www.wikidata.org/entity/Q561127,Яцек Качмарский,1957-03-22T00:00:00Z,2004-04-10T00:00:00Z,Варшава,Гданьск,мужской пол,Польша
http://www.wikidata.org/entity/Q10392625,Václav Juda Novotný,1849-09-17T00:00:00Z,1922-08-01T00:00:00Z,Vesce,Нове-Место,мужской пол,Австрийская империя
http://www.wikidata.org/entity/Q1698,Серж Генсбур,1928-04-02T00:00:00Z,1991-03-02T00:00:00Z,IV округ Парижа,VII округ Парижа,мужской пол,Франция
http://www.wikidata.org/entity/Q239355,Шломо Ибн Гебироль,1021-01-01T00:00:00Z,1070-01-01T00:00:00Z,Малага,Валенсия,мужской пол,Кордовский халифат
http://www.wikidata.org/entity/Q114177615,Alexander Gast,,,,,мужской пол,Германия
http://www.wikidata.org/entity/Q1160835,Daniel Giese,2000-01-01T00:00:00Z,,Меппен,,мужской пол,Германия
http://www.wikidata.org/entity/Q12286987,Митко Штерев,1946-01-28T00:00:00Z,,Ямбол,,мужской пол,
http://www.wikidata.org/.well-known/genid/36e8fd03c389a4185f2b5a3c173ae329,http://www.wikidata.org/.well-known/genid/36e8fd03c389a4185f2b5a3c173ae329,,,,,,
http://www.wikidata.org/entity/Q12003019,Ferdinand Sládek,1872-05-19T00:00:00Z,1943-05-30T00:00:00Z,Ledenice,Карлин,мужской пол,Чехословакия
http://www.wikidata.org/entity/Q12282386,Kalin Donkov,1941-12-02T00:00:00Z,,,,мужской пол,Болгария
http://www.wikidata.org/entity/Q310679,Дино Мерлин,1962-09-12T00:00:00Z,,Сараево,,мужской пол,Босния и Герцеговина
http://www.wikidata.org/entity/Q120175151,Danick Dupelle,,,,,мужской пол,Канада
http://www.wikidata.org/entity/Q485368,E-Tribe,,,,,,Республика Корея
http://www.wikidata.org/entity/Q7033830,Tal Gordon,1968-11-07T00:00:00Z,,Тель-Авив,,женский пол,Израиль
http://www.wikidata.org/entity/Q114275109,Andreas Koroschetz,1983-01-01T00:00:00Z,,,,,
http://www.wikidata.org/entity/Q7692057,Тебей,1983-10-14T00:00:00Z,,Канада,,мужской пол,Канада
http://www.wikidata.org/entity/Q239355,Шломо Ибн Гебироль,1020-01-01T00:00:00Z,1057-01-01T00:00:00Z,Малага,Валенсия,мужской пол,Кордовский халифат
http://www.wikidata.org/entity/Q239355,Шломо Ибн Гебироль,1020-01-01T00:00:00Z,1058-01-01T00:00:00Z,Малага,Валенсия,мужской пол,Кордовский халифат
http://www.wikidata.org/entity/Q9474720,Chen Ming-chang,1956-07-04T00:00:00Z,,Бэйтоу,,мужской пол,Китайская Республика (Тайвань)
http://www.wikidata.org/entity/Q239355,Шломо Ибн Гебироль,1021-01-01T00:00:00Z,1057-01-01T00:00:00Z,Малага,Валенсия,мужской пол,Кордовский халифат
http://www.wikidata.org/entity/Q239355,Шломо Ибн Гебироль,1021-01-01T00:00:00Z,1058-01-01T00:00:00Z,Малага,Валенсия,мужской пол,Кордовский халифат
http://www.wikidata.org/entity/Q108670654,Matt Lang,,,Маниваки,,мужской пол,
http://www.wikidata.org/entity/Q12276708,Georgi Stanchev,1951-06-01T00:00:00Z,,София,,мужской пол,Болгария
http://www.wikidata.org/entity/Q10392625,Václav Juda Novotný,1849-09-17T00:00:00Z,1922-08-01T00:00:00Z,Vesce,Нове-Место,мужской пол,Чехословакия
http://www.wikidata.org/entity/Q707201,Джон Лаудермилк,1934-03-31T00:00:00Z,2016-09-21T00:00:00Z,Дарем,Christiana,мужской пол,США
http://www.wikidata.org/.well-known/genid/6321fd71fc0d3af898e3b417ec42100e,http://www.wikidata.org/.well-known/genid/6321fd71fc0d3af898e3b417ec42100e,,,,,,
http://www.wikidata.org/entity/Q1333939,Джо Саут,1940-02-28T00:00:00Z,2012-09-05T00:00:00Z,Атланта,Бьюфорд,мужской пол,США
http://www.wikidata.org/entity/Q3185038,Gordon Groothedde,1968-10-11T00:00:00Z,,Зютфен,,мужской пол,Королевство Нидерландов
http://www.wikidata.org/.well-known/genid/3efb0ac91c006a758fbeeac651ebe68c,http://www.wikidata.org/.well-known/genid/3efb0ac91c006a758fbeeac651ebe68c,,,,,,
http://www.wikidata.org/entity/Q6302042,Jud Strunk,1936-06-11T00:00:00Z,1981-10-05T00:00:00Z,Джеймстаун,Carrabassett Valley,мужской пол,США
http://www.wikidata.org/entity/Q42715528,Oli,1996-04-19T00:00:00Z,,,,мужской пол,Франция
http://www.wikidata.org/entity/Q21707211,Михаил Викторович Чертищев,1986-03-01T00:00:00Z,,Кингисепп,,мужской пол,Россия
http://www.wikidata.org/.well-known/genid/8da8b550b875c9b73662ef09829b90ec,http://www.wikidata.org/.well-known/genid/8da8b550b875c9b73662ef09829b90ec,,,,,,
http://www.wikidata.org/.well-known/genid/5df1e31f1811fe9af97d6ee6c47165e4,http://www.wikidata.org/.well-known/genid/5df1e31f1811fe9af97d6ee6c47165e4,,,,,,
http://www.wikidata.org/entity/Q2186934,Syb van der Ploeg,1966-06-15T00:00:00Z,,Доккюм,,мужской пол,Королевство Нидерландов
http://www.wikidata.org/entity/Q318223,Макс Мартин,1971-02-26T00:00:00Z,,Sånga församling,,мужской пол,Швеция
http://www.wikidata.org/entity/Q42715528,Oli,1996-04-19T00:00:00Z,,,,мужской пол,Аргентина
http://www.wikidata.org/entity/Q1173639,Дэвид Болл,1959-05-03T00:00:00Z,2025-10-22T00:00:00Z,Честер,Лондон,мужской пол,Великобритания
http://www.wikidata.org/entity/Q179849,Джон Лииз,1947-01-13T00:00:00Z,,Олдем,,мужской пол,Великобритания
http://www.wikidata.org/entity/Q5119903,Gerrit den Braber,1929-03-23T00:00:00Z,1997-05-02T00:00:00Z,,,мужской пол,Королевство Нидерландов
http://www.wikidata.org/entity/Q5119903,Gerrit den Braber,1929-03-23T00:00:00Z,1997-05-03T00:00:00Z,,,мужской пол,Королевство Нидерландов
http://www.wikidata.org/entity/Q6927692,Moyinkutty Vaidyar,1852-01-01T00:00:00Z,1892-01-01T00:00:00Z,,,мужской пол,Британская Индия
http://www.wikidata.org/entity/Q294531,Нил Даймонд,1941-01-24T00:00:00Z,,Бруклин,,мужской пол,США
http://www.wikidata.org/.well-known/genid/8cb506c46a192f87a72198f0215b20fe,http://www.wikidata.org/.well-known/genid/8cb506c46a192f87a72198f0215b20fe,,,,,,
http://www.wikidata.org/entity/Q3167183,Jean-Luc Lahaye,1952-12-23T00:00:00Z,,Париж,,мужской пол,Франция
http://www.wikidata.org/entity/Q2330044,Stan Kesler,1928-08-11T00:00:00Z,2020-10-26T00:00:00Z,Аббевилл,,мужской пол,США
http://www.wikidata.org/entity/Q40213,Уильям Батлер Йейтс,1865-06-13T00:00:00Z,1939-01-28T00:00:00Z,Сандимаунт,Рокебрюн — Кап-Мартен,мужской пол,Ирландское Свободное государство
http://www.wikidata.org/entity/Q456747,Vitaa,1983-03-14T00:00:00Z,,Мюлуз,,женский пол,Альжери
http://www.wikidata.org/.well-known/genid/7543fecc324b826ad6d7ada255480f47,http://www.wikidata.org/.well-known/genid/7543fecc324b826ad6d7ada255480f47,,,,,,
http://www.wikidata.org/entity/Q42715516,Bigflo,1993-01-22T00:00:00Z,,,,мужской пол,Франция
http://www.wikidata.org/.well-known/genid/cd3ebcad3a453ba19ddf1bf652c8d7e1,http://www.wikidata.org/.well-known/genid/cd3ebcad3a453ba19ddf1bf652c8d7e1,,,,,,
http://www.wikidata.org/entity/Q160009,Пинк,1979-09-08T00:00:00Z,,Дойлстаун,,женский пол,США
http://www.wikidata.org/entity/Q42715516,Bigflo,1993-01-22T00:00:00Z,,,,мужской пол,Аргентина
http://www.wikidata.org/.well-known/genid/fc614717884940acb910a55b794f22ac,http://www.wikidata.org/.well-known/genid/fc614717884940acb910a55b794f22ac,,,,,,
http://www.wikidata.org/.well-known/genid/86b84d87d1314691a1e6080b754f3c5a,http://www.wikidata.org/.well-known/genid/86b84d87d1314691a1e6080b754f3c5a,,,,,,
http://www.wikidata.org/.well-known/genid/287ddfc559a49edd061b185b4f2ae54e,http://www.wikidata.org/.well-known/genid/287ddfc559a49edd061b185b4f2ae54e,,,,,,
http://www.wikidata.org/entity/Q286501,Shellback,1985-02-01T00:00:00Z,,Асарум,,мужской пол,Швеция
http://www.wikidata.org/.well-known/genid/cbcb10559e6ab3c04d30164bfefaa2e7,http://www.wikidata.org/.well-known/genid/cbcb10559e6ab3c04d30164bfefaa2e7,,,,,,
http://www.wikidata.org/.well-known/genid/e889a62877d0bed73d1f30a9e30c58e8,http://www.wikidata.org/.well-known/genid/e889a62877d0bed73d1f30a9e30c58e8,,,,,,
http://www.wikidata.org/entity/Q3168129,Жан-Мишель Рива,1939-04-23T00:00:00Z,,Везуль,,мужской пол,Франция
http://www.wikidata.org/entity/Q358995,Chi Coltrane,1948-11-16T00:00:00Z,,Расин,,женский пол,США
http://www.wikidata.org/.well-known/genid/3dce191434655f6e707ed1c27e4041ae,http://www.wikidata.org/.well-known/genid/3dce191434655f6e707ed1c27e4041ae,,,,,,
http://www.wikidata.org/entity/Q53453,Ален Сушон,1944-05-27T00:00:00Z,,Касабланка,,мужской пол,Франция
http://www.wikidata.org/entity/Q117970,Граймс,1988-03-17T00:00:00Z,,Ванкувер,,женский пол,Канада
http://www.wikidata.org/entity/Q138007,Леа Гольдберг,1911-05-29T00:00:00Z,1970-01-15T00:00:00Z,Кёнигсберг,Иерусалим,женский пол,Израиль
http://www.wikidata.org/entity/Q452166,Марк Алмонд,1957-07-09T00:00:00Z,,Саутпорт,,мужской пол,Великобритания
http://www.wikidata.org/entity/Q3303251,Maître Gims,1986-05-05T00:00:00Z,,Киншаса,,мужской пол,Демократическая Республика Конго
http://www.wikidata.org/entity/Q434724,Oleta Adams,1953-05-04T00:00:00Z,,Сиэтл,,женский пол,США
http://www.wikidata.org/.well-known/genid/6d73caf1b815ba40916c46740df1bd1c,http://www.wikidata.org/.well-known/genid/6d73caf1b815ba40916c46740df1bd1c,,,,,,
http://www.wikidata.org/.well-known/genid/78f161c593943e4056ce9cc40008ea88,http://www.wikidata.org/.well-known/genid/78f161c593943e4056ce9cc40008ea88,,,,,,
http://www.wikidata.org/.well-known/genid/347bda2b21ba98e5128075f7c97a6765,http://www.wikidata.org/.well-known/genid/347bda2b21ba98e5128075f7c97a6765,,,,,,
http://www.wikidata.org/entity/Q1378792,Мэттью Уайлдер,1953-01-24T00:00:00Z,,Нью-Йорк,,мужской пол,США
http://www.wikidata.org/entity/Q3441079,Romano Musumarra,1956-07-21T00:00:00Z,,Рим,,мужской пол,Италия
http://www.wikidata.org/.well-known/genid/57e7df7ab694be2522440b578996bcaa,http://www.wikidata.org/.well-known/genid/57e7df7ab694be2522440b578996bcaa,,,,,,
http://www.wikidata.org/entity/Q1944607,Joey Dyser,1944-01-27T00:00:00Z,,,,женский пол,Королевство Нидерландов
http://www.wikidata.org/entity/Q313453,Stromae,1985-03-12T00:00:00Z,,Эттербек,,мужской пол,Бельгия
http://www.wikidata.org/entity/Q1534428,Джонни Хортон,1925-04-30T00:00:00Z,1960-11-05T00:00:00Z,Лос-Анджелес,Майлам,мужской пол,США
http://www.wikidata.org/entity/Q40213,Уильям Батлер Йейтс,1865-03-13T00:00:00Z,1939-01-28T00:00:00Z,Сандимаунт,Ментона,мужской пол,Ирландское Свободное государство
http://www.wikidata.org/.well-known/genid/6b8e219ca92baef8f8776328f5b66e83,http://www.wikidata.org/.well-known/genid/6b8e219ca92baef8f8776328f5b66e83,,,,,,
http://www.wikidata.org/.well-known/genid/2b13ca3cfc8125d1690fdbced2c4eae1,http://www.wikidata.org/.well-known/genid/2b13ca3cfc8125d1690fdbced2c4eae1,,,,,,
http://www.wikidata.org/.well-known/genid/6b0a56a5e6125be37a160e66387bb192,http://www.wikidata.org/.well-known/genid/6b0a56a5e6125be37a160e66387bb192,,,,,,
http://www.wikidata.org/entity/Q316282,Джон Мейолл,1933-11-29T00:00:00Z,2024-07-22T00:00:00Z,Маклсфилд,Лос-Анджелес,мужской пол,Великобритания
http://www.wikidata.org/entity/Q16196401,Джефф Коэн,1966-01-28T00:00:00Z,,Бруклин,,мужской пол,США
http://www.wikidata.org/.well-known/genid/4a2ed5220a84569fa545f87c90686c35,http://www.wikidata.org/.well-known/genid/4a2ed5220a84569fa545f87c90686c35,,,,,,
http://www.wikidata.org/entity/Q2003209,Guus Westdorp,1961-06-02T00:00:00Z,,,,мужской пол,Королевство Нидерландов
http://www.wikidata.org/entity/Q587483,Эдди Марней,1920-12-18T00:00:00Z,2003-01-03T00:00:00Z,Алжир,Нёйи-сюр-Сен,мужской пол,Франция
http://www.wikidata.org/.well-known/genid/6da317b3c653d62e5a7cb536bdf71af6,http://www.wikidata.org/.well-known/genid/6da317b3c653d62e5a7cb536bdf71af6,,,,,,
http://www.wikidata.org/entity/Q3169057,Жан-Пьер Буртэйр,1942-01-31T00:00:00Z,2024-03-04T00:00:00Z,XV округ Парижа,Шату,мужской пол,Франция
http://www.wikidata.org/entity/Q15059512,Rob Crosby,1954-04-25T00:00:00Z,,,,мужской пол,США
http://www.wikidata.org/entity/Q1397939,Эмиль Штерн,1913-04-28T00:00:00Z,1997-01-13T00:00:00Z,III округ Парижа,Канны,мужской пол,Франция
http://www.wikidata.org/.well-known/genid/0c07db297e8bcacd57c078f02710fb4f,http://www.wikidata.org/.well-known/genid/0c07db297e8bcacd57c078f02710fb4f,,,,,,
http://www.wikidata.org/entity/Q2804036,Nico Outhuijse,1972-04-04T00:00:00Z,,Харлинген,,мужской пол,Королевство Нидерландов
http://www.wikidata.org/.well-known/genid/78cf4dcc073ad5474d1aece182b231b0,http://www.wikidata.org/.well-known/genid/78cf4dcc073ad5474d1aece182b231b0,,,,,,
http://www.wikidata.org/entity/Q3184053,Josef Režný,1924-02-02T00:00:00Z,2012-12-10T00:00:00Z,Страконице,Страконице,мужской пол,Чехия
http://www.wikidata.org/entity/Q3082827,Фрэнк Томас,1936-05-15T00:00:00Z,2017-01-20T00:00:00Z,Монпелье,I округ Парижа,мужской пол,Франция
http://www.wikidata.org/entity/Q2934217,Simon Keizer,1984-05-16T00:00:00Z,,Волендам,,мужской пол,Королевство Нидерландов
http://www.wikidata.org/.well-known/genid/7a77d3e19ac982b7fa6ab8d04f0f5bf2,http://www.wikidata.org/.well-known/genid/7a77d3e19ac982b7fa6ab8d04f0f5bf2,,,,,,
http://www.wikidata.org/entity/Q2006759,Lisa Boray,1956-01-26T00:00:00Z,,Бреда,,женский пол,Королевство Нидерландов
http://www.wikidata.org/entity/Q3092557,Félix Mortreuil,1855-11-29T00:00:00Z,1928-10-28T00:00:00Z,Бордо,X округ Парижа,мужской пол,Франция
http://www.wikidata.org/.well-known/genid/4234967cff042172111b6e17bfc8e7e5,http://www.wikidata.org/.well-known/genid/4234967cff042172111b6e17bfc8e7e5,,,,,,
http://www.wikidata.org/.well-known/genid/424b470f6c7e235f32b2b442cd7f5958,http://www.wikidata.org/.well-known/genid/424b470f6c7e235f32b2b442cd7f5958,,,,,,
http://www.wikidata.org/entity/Q40213,Уильям Батлер Йейтс,1865-03-13T00:00:00Z,1939-01-28T00:00:00Z,Сандимаунт,Рокебрюн — Кап-Мартен,мужской пол,Ирландское Свободное государство
http://www.wikidata.org/.well-known/genid/fc9fecf5bf8586e08b597eab4ffd9cb7,http://www.wikidata.org/.well-known/genid/fc9fecf5bf8586e08b597eab4ffd9cb7,,,,,,
http://www.wikidata.org/entity/Q40213,Уильям Батлер Йейтс,1865-06-13T00:00:00Z,1939-01-28T00:00:00Z,Сандимаунт,Ментона,мужской пол,Ирландское Свободное государство
http://www.wikidata.org/.well-known/genid/aecb97fe5b92774b80ab499997430600,http://www.wikidata.org/.well-known/genid/aecb97fe5b92774b80ab499997430600,,,,,,
http://www.wikidata.org/entity/Q151304,Джек Антонофф,1984-03-31T00:00:00Z,,Бергенфилд,,мужской пол,США
http://www.wikidata.org/entity/Q181484,Сия,1975-12-18T00:00:00Z,,Аделаида,,женский пол,Австралия
http://www.wikidata.org/entity/Q13746050,Wu Yizhen,1994-05-26T00:00:00Z,,Шанхай,,мужской пол,Китай
http://www.wikidata.org/.well-known/genid/619036349712ccad1ed3a437d5e6fb38,http://www.wikidata.org/.well-known/genid/619036349712ccad1ed3a437d5e6fb38,,,,,,
http://www.wikidata.org/entity/Q1655654,Иэн Тайсон,1933-09-25T00:00:00Z,2022-12-29T00:00:00Z,Виктория,Longview,мужской пол,Канада
http://www.wikidata.org/entity/Q1666,Жак Брель,1929-04-08T00:00:00Z,1978-10-09T00:00:00Z,Схарбек,Avicenne Hospital,мужской пол,Бельгия
http://www.wikidata.org/entity/Q46994463,Rex Orange County,1998-05-04T00:00:00Z,,Хейзлмир,,мужской пол,Великобритания
http://www.wikidata.org/.well-known/genid/afccab40119d0bf306963a9bb49b72bc,http://www.wikidata.org/.well-known/genid/afccab40119d0bf306963a9bb49b72bc,,,,,,
http://www.wikidata.org/entity/Q21810161,František Žák,1862-05-15T00:00:00Z,1934-12-22T00:00:00Z,Hlavňov,Старе-Место,мужской пол,
http://www.wikidata.org/.well-known/genid/1ff4d057a2696a4154cbc29edcec3dfd,http://www.wikidata.org/.well-known/genid/1ff4d057a2696a4154cbc29edcec3dfd,,,,,,
http://www.wikidata.org/.well-known/genid/e87a44a33965df10499cec1131f14d37,http://www.wikidata.org/.well-known/genid/e87a44a33965df10499cec1131f14d37,,,,,,
http://www.wikidata.org/.well-known/genid/b2296a73db69a5e1443c8e3b5555b583,http://www.wikidata.org/.well-known/genid/b2296a73db69a5e1443c8e3b5555b583,,,,,,
http://www.wikidata.org/entity/Q923194,Жан-Клод Ваннье,1943-03-04T00:00:00Z,,Курбевуа,,мужской пол,Франция
http://www.wikidata.org/entity/Q3595546,Adivi Bapiraju,1895-01-01T00:00:00Z,1952-01-01T00:00:00Z,Bhimavaram,,мужской пол,Индия
http://www.wikidata.org/.well-known/genid/37c84b19002bb0a965aa2d38477ddff7,http://www.wikidata.org/.well-known/genid/37c84b19002bb0a965aa2d38477ddff7,,,,,,
http://www.wikidata.org/.well-known/genid/3616b14ecc0f87dbf9ea78dd7b53ae31,http://www.wikidata.org/.well-known/genid/3616b14ecc0f87dbf9ea78dd7b53ae31,,,,,,
http://www.wikidata.org/entity/Q1277670,Маршалл Грант,1928-05-05T00:00:00Z,2011-08-07T00:00:00Z,Брайсон-Сити,Джонсборо,мужской пол,США
http://www.wikidata.org/entity/Q12022502,Jan Evangelista Nečas,1849-12-25T00:00:00Z,1919-01-30T00:00:00Z,Studnice,Брно,мужской пол,
http://www.wikidata.org/entity/Q3595546,Adivi Bapiraju,1895-01-01T00:00:00Z,1952-01-01T00:00:00Z,Bhimavaram,,мужской пол,Британская Индия
http://www.wikidata.org/entity/Q451075,Альберт Хаммонд,1944-05-18T00:00:00Z,,Лондон,,мужской пол,Великобритания
http://www.wikidata.org/.well-known/genid/fa8332f8fe3a28249cbacfefaf5286b0,http://www.wikidata.org/.well-known/genid/fa8332f8fe3a28249cbacfefaf5286b0,,,,,,
http://www.wikidata.org/entity/Q3595546,Adivi Bapiraju,1895-10-08T00:00:00Z,1952-01-01T00:00:00Z,Bhimavaram,,мужской пол,Индия
http://www.wikidata.org/.well-known/genid/5a6c938e0372cc9c486d420ffc5368ab,http://www.wikidata.org/.well-known/genid/5a6c938e0372cc9c486d420ffc5368ab,,,,,,
http://www.wikidata.org/entity/Q3595546,Adivi Bapiraju,1895-01-01T00:00:00Z,1952-01-01T00:00:00Z,Bhimavaram,,мужской пол,Индийский Союз
http://www.wikidata.org/entity/Q3595546,Adivi Bapiraju,1895-01-01T00:00:00Z,1952-09-22T00:00:00Z,Bhimavaram,,мужской пол,Индия
http://www.wikidata.org/entity/Q14361676,Smith & Burrows,,,,,,
http://www.wikidata.org/.well-known/genid/7dc15199f254f0956ad53576384c33c9,http://www.wikidata.org/.well-known/genid/7dc15199f254f0956ad53576384c33c9,,,,,,
http://www.wikidata.org/.well-known/genid/f41478c42cf1afa518daaa1af83409ce,http://www.wikidata.org/.well-known/genid/f41478c42cf1afa518daaa1af83409ce,,,,,,
http://www.wikidata.org/entity/Q109646788,Ehiz Lenz,1997-07-14T00:00:00Z,,,,мужской пол,Нигерия
http://www.wikidata.org/entity/Q3595546,Adivi Bapiraju,1895-10-08T00:00:00Z,1952-01-01T00:00:00Z,Bhimavaram,,мужской пол,Британская Индия
http://www.wikidata.org/.well-known/genid/38010068b22037f999f52dbededa5e98,http://www.wikidata.org/.well-known/genid/38010068b22037f999f52dbededa5e98,,,,,,
http://www.wikidata.org/entity/Q3595546,Adivi Bapiraju,1895-10-08T00:00:00Z,1952-01-01T00:00:00Z,Bhimavaram,,мужской пол,Индийский Союз
http://www.wikidata.org/entity/Q3595546,Adivi Bapiraju,1895-01-01T00:00:00Z,1952-09-22T00:00:00Z,Bhimavaram,,мужской пол,Британская Индия
http://www.wikidata.org/.well-known/genid/c7e52d8a4b8821096617365598f6a876,http://www.wikidata.org/.well-known/genid/c7e52d8a4b8821096617365598f6a876,,,,,,
http://www.wikidata.org/entity/Q3595546,Adivi Bapiraju,1895-10-08T00:00:00Z,1952-09-22T00:00:00Z,Bhimavaram,,мужской пол,Индия
http://www.wikidata.org/.well-known/genid/37fe97716ac6bfabe2efb993fefdd5b6,http://www.wikidata.org/.well-known/genid/37fe97716ac6bfabe2efb993fefdd5b6,,,,,,
http://www.wikidata.org/.well-known/genid/41715d1d5ec9256dbdc7fbcfc8ff548d,http://www.wikidata.org/.well-known/genid/41715d1d5ec9256dbdc7fbcfc8ff548d,,,,,,
http://www.wikidata.org/entity/Q3595546,Adivi Bapiraju,1895-01-01T00:00:00Z,1952-09-22T00:00:00Z,Bhimavaram,,мужской пол,Индийский Союз
http://www.wikidata.org/.well-known/genid/ff035484608bf87bd462280086289d42,http://www.wikidata.org/.well-known/genid/ff035484608bf87bd462280086289d42,,,,,,
http://www.wikidata.org/entity/Q109623730,Victor Aubert,,,Лилль,,мужской пол,
http://www.wikidata.org/entity/Q5794585,Майк Хэзлвуд,1941-12-24T00:00:00Z,2001-05-06T00:00:00Z,Какфилд,Флоренция,мужской пол,Великобритания
http://www.wikidata.org/.well-known/genid/d36380222ea8aafee45fb3187b214f02,http://www.wikidata.org/.well-known/genid/d36380222ea8aafee45fb3187b214f02,,,,,,
http://www.wikidata.org/entity/Q3624971,Луи Томлинсон,1991-12-24T00:00:00Z,,Донкастер,,мужской пол,Великобритания
http://www.wikidata.org/entity/Q3595546,Adivi Bapiraju,1895-10-08T00:00:00Z,1952-09-22T00:00:00Z,Bhimavaram,,мужской пол,Британская Индия
http://www.wikidata.org/entity/Q3595546,Adivi Bapiraju,1895-10-08T00:00:00Z,1952-09-22T00:00:00Z,Bhimavaram,,мужской пол,Индийский Союз
http://www.wikidata.org/entity/Q6121090,Jacquire King,1967-01-11T00:00:00Z,,Вашингтон,,мужской пол,США
http://www.wikidata.org/.well-known/genid/4a340896be9383f39b86ab48c923bf19,http://www.wikidata.org/.well-known/genid/4a340896be9383f39b86ab48c923bf19,,,,,,
http://www.wikidata.org/.well-known/genid/933e619955e10e650fbd0578ad726a6a,http://www.wikidata.org/.well-known/genid/933e619955e10e650fbd0578ad726a6a,,,,,,
http://www.wikidata.org/.well-known/genid/40e4e5fcb3c985371c339ae80f5e173a,http://www.wikidata.org/.well-known/genid/40e4e5fcb3c985371c339ae80f5e173a,,,,,,
http://www.wikidata.org/entity/Q2978007,Curly Putman,1930-11-20T00:00:00Z,2016-10-30T00:00:00Z,Princeton,Лебанон,мужской пол,США
http://www.wikidata.org/entity/Q7938858,Vladimír Šťastný,1841-03-17T00:00:00Z,1910-08-20T00:00:00Z,Rudíkov,Obřany,мужской пол,
http://www.wikidata.org/entity/Q7938858,Vladimír Šťastný,1841-03-17T00:00:00Z,1910-08-20T00:00:00Z,Rudíkov,Брно,мужской пол,
http://www.wikidata.org/entity/Q982387,Джованни Капурро,1859-02-05T00:00:00Z,1920-01-18T00:00:00Z,Неаполь,Неаполь,мужской пол,Королевство Италия
http://www.wikidata.org/.well-known/genid/175924fe422edfa5e3c2d0070924872b,http://www.wikidata.org/.well-known/genid/175924fe422edfa5e3c2d0070924872b,,,,,,
http://www.wikidata.org/.well-known/genid/5dee0ed43d58a878521d7af838a2c968,http://www.wikidata.org/.well-known/genid/5dee0ed43d58a878521d7af838a2c968,,,,,,
http://www.wikidata.org/entity/Q10756026,Minh Tuyền Diệp,1941-01-01T00:00:00Z,1997-01-01T00:00:00Z,Митхо,,мужской пол,
http://www.wikidata.org/.well-known/genid/3f31ef3241f03a0f190884de0aac5d46,http://www.wikidata.org/.well-known/genid/3f31ef3241f03a0f190884de0aac5d46,,,,,,
http://www.wikidata.org/entity/Q6024930,Indio Solari,1949-01-17T00:00:00Z,,Парана,,мужской пол,Аргентина
http://www.wikidata.org/entity/Q1961597,Juan Pardo,1942-11-11T00:00:00Z,,Пальма,,мужской пол,Испания
http://www.wikidata.org/.well-known/genid/2cdc171c1036950509275a665014bbca,http://www.wikidata.org/.well-known/genid/2cdc171c1036950509275a665014bbca,,,,,,
http://www.wikidata.org/.well-known/genid/b294235f55c4c77681e05663ae4e72b0,http://www.wikidata.org/.well-known/genid/b294235f55c4c77681e05663ae4e72b0,,,,,,
http://www.wikidata.org/.well-known/genid/2b3d709a7147655c46059c76d56fc03c,http://www.wikidata.org/.well-known/genid/2b3d709a7147655c46059c76d56fc03c,,,,,,
http://www.wikidata.org/.well-known/genid/027da3d71747e7e21acb5e3c987dc621,http://www.wikidata.org/.well-known/genid/027da3d71747e7e21acb5e3c987dc621,,,,,,
http://www.wikidata.org/.well-known/genid/3c458114aab217342161f2273837b77d,http://www.wikidata.org/.well-known/genid/3c458114aab217342161f2273837b77d,,,,,,
http://www.wikidata.org/.well-known/genid/440f9b81de49d08d2c19c696aa7ff2fe,http://www.wikidata.org/.well-known/genid/440f9b81de49d08d2c19c696aa7ff2fe,,,,,,
http://www.wikidata.org/.well-known/genid/cb58d726b974459061c5a914f91efcf7,http://www.wikidata.org/.well-known/genid/cb58d726b974459061c5a914f91efcf7,,,,,,
http://www.wikidata.org/entity/Q122840190,Андраник Шахинян,,,,,,
http://www.wikidata.org/entity/Q76999,Шломо Карлебах,1925-01-14T00:00:00Z,1994-10-20T00:00:00Z,Берлин,Ла Гуардия,мужской пол,США
http://www.wikidata.org/entity/Q7527670,"Sir John Clerk, 2nd Baronet",1676-11-08T00:00:00Z,1755-10-04T00:00:00Z,Эдинбург,Penicuik House,мужской пол,Королевство Великобритания
http://www.wikidata.org/entity/Q76999,Шломо Карлебах,1925-01-14T00:00:00Z,1994-10-20T00:00:00Z,Берлин,Ла Гуардия,мужской пол,Германия
http://www.wikidata.org/entity/Q559844,Хаим Сабан,1944-10-15T00:00:00Z,,Александрия,,мужской пол,Египет
http://www.wikidata.org/entity/Q559844,Хаим Сабан,1944-10-15T00:00:00Z,,Александрия,,мужской пол,США
http://www.wikidata.org/entity/Q2563720,Wes Farrell,1939-12-21T00:00:00Z,1996-02-29T00:00:00Z,Нью-Йорк,Коконат-Гров,мужской пол,США
http://www.wikidata.org/entity/Q7527670,"Sir John Clerk, 2nd Baronet",1676-01-01T00:00:00Z,1755-10-04T00:00:00Z,Эдинбург,Penicuik House,мужской пол,Королевство Великобритания
http://www.wikidata.org/entity/Q124418284,Harry Donnelly,,,,,мужской пол,
http://www.wikidata.org/entity/Q1690147,Joachim Heider,1944-07-02T00:00:00Z,,Лёндек-Здруй,,мужской пол,Германия
http://www.wikidata.org/entity/Q559844,Хаим Сабан,1944-10-15T00:00:00Z,,Александрия,,мужской пол,Королевство Египет
http://www.wikidata.org/entity/Q1561338,Günther Behrle,1945-01-01T00:00:00Z,,Регенсбург,,мужской пол,Германия
http://www.wikidata.org/entity/Q4372241,"Поперечный, Анатолий Григорьевич",1934-11-22T00:00:00Z,2014-05-17T00:00:00Z,Новая Одесса,Москва,мужской пол,Россия
http://www.wikidata.org/entity/Q4372241,"Поперечный, Анатолий Григорьевич",1934-11-22T00:00:00Z,2014-05-17T00:00:00Z,Новая Одесса,Москва,мужской пол,СССР
http://www.wikidata.org/entity/Q23062055,Joachim Relin,1921-07-31T00:00:00Z,2010-01-01T00:00:00Z,Белиц,,мужской пол,
http://www.wikidata.org/entity/Q23060135,Wolfgang Rödelberger,1934-07-11T00:00:00Z,2010-04-01T00:00:00Z,Слупск,Мюнхен,мужской пол,Германия
http://www.wikidata.org/entity/Q559844,Хаим Сабан,1944-10-15T00:00:00Z,,Александрия,,мужской пол,Израиль
http://www.wikidata.org/entity/Q2056096,Шуки Леви,1947-06-03T00:00:00Z,,Тель-Авив,,мужской пол,США
http://www.wikidata.org/entity/Q1497587,Peter Moesser,1915-09-25T00:00:00Z,1989-09-03T00:00:00Z,Вильгельмсхафен,Лугано,мужской пол,Германия
http://www.wikidata.org/entity/Q214674,Max Colpet,1905-07-19T00:00:00Z,1998-01-02T00:00:00Z,Кёнигсберг,Мюнхен,мужской пол,США
http://www.wikidata.org/entity/Q506360,Берт Кемпферт,1923-10-16T00:00:00Z,1980-06-21T00:00:00Z,Гамбург,Мальорка,мужской пол,Германия
http://www.wikidata.org/entity/Q96572700,Stanley Kahan,,,,,мужской пол,США
http://www.wikidata.org/entity/Q111211,Tony,1944-05-09T00:00:00Z,,Гамбург,,мужской пол,Германия
http://www.wikidata.org/entity/Q7365972,Ronnie Rogers,1959-01-01T00:00:00Z,,,,мужской пол,США
http://www.wikidata.org/entity/Q2056096,Шуки Леви,1947-06-03T00:00:00Z,,Тель-Авив,,мужской пол,Израиль
http://www.wikidata.org/entity/Q112449315,Jiří Černý,1958-01-01T00:00:00Z,,Брно,,мужской пол,Чехия
http://www.wikidata.org/entity/Q2590684,Wolfgang Mürmann,1944-09-15T00:00:00Z,2018-07-01T00:00:00Z,Биспинген,,мужской пол,Германия
http://www.wikidata.org/entity/Q2546000,Walter Rothenburg,1889-12-28T00:00:00Z,1975-01-01T00:00:00Z,Аймсбюттель,Аскона,мужской пол,Германия
http://www.wikidata.org/entity/Q99223,Петер Орлофф,1944-03-12T00:00:00Z,,Лемго,,мужской пол,Германия
http://www.wikidata.org/entity/Q943109,Клод Боллин,1930-04-10T00:00:00Z,2020-12-29T00:00:00Z,Канны,Сен-Клу,мужской пол,Франция
http://www.wikidata.org/entity/Q466120,Фредди Куинн,1931-09-27T00:00:00Z,,Хардегг,,мужской пол,Австрия
http://www.wikidata.org/entity/Q124418300,William Wilander,1890-04-06T00:00:00Z,1948-11-09T00:00:00Z,,,мужской пол,
http://www.wikidata.org/entity/Q76999,Шломо Карлебах,1925-01-14T00:00:00Z,1994-10-20T00:00:00Z,Берлин,Нью-Йорк,мужской пол,США
http://www.wikidata.org/entity/Q76999,Шломо Карлебах,1925-01-14T00:00:00Z,1994-10-20T00:00:00Z,Берлин,Нью-Йорк,мужской пол,Германия
http://www.wikidata.org/entity/Q86701,Ernst Bader,1914-06-07T00:00:00Z,1999-08-10T00:00:00Z,Щецин,Нордерштедт,мужской пол,Германия
http://www.wikidata.org/entity/Q949696,Кен Кертис,1916-07-02T00:00:00Z,1991-04-28T00:00:00Z,Ламар,Фресно,мужской пол,США
http://www.wikidata.org/entity/Q56260622,народная,,,,,,
http://www.wikidata.org/.well-known/genid/110a430b338eac08c8d180d1eb863310,http://www.wikidata.org/.well-known/genid/110a430b338eac08c8d180d1eb863310,,,,,,
http://www.wikidata.org/entity/Q321996,Leo Leandros,1923-08-23T00:00:00Z,2025-10-31T00:00:00Z,Астакос,Πефки,мужской пол,Германия
http://www.wikidata.org/entity/Q1502969,Georg Buschor,1923-03-14T00:00:00Z,2005-02-11T00:00:00Z,Афины,Лугано,мужской пол,Германия
http://www.wikidata.org/entity/Q69773,Михаэль Кунце,1943-11-09T00:00:00Z,,Прага,,мужской пол,Германия
http://www.wikidata.org/entity/Q1870731,Lotar Olias,1913-12-23T00:00:00Z,1990-10-21T00:00:00Z,Кёнигсберг,Гамбург,мужской пол,Германия
http://www.wikidata.org/entity/Q71568075,John O’Brien-Docker,1938-12-25T00:00:00Z,2017-08-03T00:00:00Z,Лондон,Гамбург,мужской пол,Великобритания
http://www.wikidata.org/entity/Q4011247,Victor Bach,1937-08-19T00:00:00Z,2018-12-06T00:00:00Z,Пиццигеттоне,Милан,мужской пол,Королевство Италия
http://www.wikidata.org/entity/Q4011247,Victor Bach,1937-08-19T00:00:00Z,2018-12-06T00:00:00Z,Пиццигеттоне,Милан,мужской пол,Италия
http://www.wikidata.org/entity/Q962604,Чип Тейлор,1940-03-21T00:00:00Z,2026-03-23T00:00:00Z,Йонкерс,,мужской пол,США
http://www.wikidata.org/entity/Q15836987,Norbert Hammerschmidt,1944-05-15T00:00:00Z,,Дортмунд,,мужской пол,Германия
http://www.wikidata.org/entity/Q321996,Leo Leandros,1923-08-23T00:00:00Z,2025-10-31T00:00:00Z,Астакос,Πефки,мужской пол,Греция
http://www.wikidata.org/.well-known/genid/f37c5516bb903b16ecf336485f374c31,http://www.wikidata.org/.well-known/genid/f37c5516bb903b16ecf336485f374c31,,,,,,
http://www.wikidata.org/entity/Q506859,Мак Дэвид,1912-07-05T00:00:00Z,1993-12-30T00:00:00Z,Нью-Йорк,Ранчо-Мираж,мужской пол,США
http://www.wikidata.org/.well-known/genid/ca7544cfe223b0790540cfe8ffaa58e1,http://www.wikidata.org/.well-known/genid/ca7544cfe223b0790540cfe8ffaa58e1,,,,,,
http://www.wikidata.org/.well-known/genid/ac183c7976614777516678a70b53f8ed,http://www.wikidata.org/.well-known/genid/ac183c7976614777516678a70b53f8ed,,,,,,
http://www.wikidata.org/.well-known/genid/b50dcf7692b4afa1ab1f214c1dff23c8,http://www.wikidata.org/.well-known/genid/b50dcf7692b4afa1ab1f214c1dff23c8,,,,,,
http://www.wikidata.org/entity/Q1312613,KYO,,,,,,
http://www.wikidata.org/entity/Q136914222,Q136914222,1930-01-01T00:00:00Z,2012-01-01T00:00:00Z,,,мужской пол,Уэльс
http://www.wikidata.org/.well-known/genid/0a405962fe1c8499e3cd44aa7f35b116,http://www.wikidata.org/.well-known/genid/0a405962fe1c8499e3cd44aa7f35b116,,,,,,
http://www.wikidata.org/.well-known/genid/a78ea8e4dee1e2518e827be00ab897ff,http://www.wikidata.org/.well-known/genid/a78ea8e4dee1e2518e827be00ab897ff,,,,,,
http://www.wikidata.org/entity/Q55128479,Clara Luciani,1992-07-10T00:00:00Z,,Мартиг,,женский пол,Франция
http://www.wikidata.org/entity/Q104902237,Вероника Фусаро,1997-04-23T00:00:00Z,,Тун,,женский пол,Швейцария
http://www.wikidata.org/entity/Q22670953,Федерика Аббате,1991-01-23T00:00:00Z,,Милан,,женский пол,Италия
http://www.wikidata.org/entity/Q112632557,Q112632557,1977-03-05T00:00:00Z,,,,мужской пол,
http://www.wikidata.org/.well-known/genid/a0b9a2dc02c0df5f777d96ec09ca733b,http://www.wikidata.org/.well-known/genid/a0b9a2dc02c0df5f777d96ec09ca733b,,,,,,
http://www.wikidata.org/.well-known/genid/9f68d15c389a43f67ddd7a1e82f14e94,http://www.wikidata.org/.well-known/genid/9f68d15c389a43f67ddd7a1e82f14e94,,,,,,
http://www.wikidata.org/entity/Q104902237,Вероника Фусаро,1997-04-23T00:00:00Z,,Тун,,женский пол,Италия
http://www.wikidata.org/.well-known/genid/2d84ea0b2e73cf43a1cc3c0b11cb00a2,http://www.wikidata.org/.well-known/genid/2d84ea0b2e73cf43a1cc3c0b11cb00a2,,,,,,
http://www.wikidata.org/.well-known/genid/92f92ae18ae7b6481da9049db935d8d4,http://www.wikidata.org/.well-known/genid/92f92ae18ae7b6481da9049db935d8d4,,,,,,
http://www.wikidata.org/entity/Q3615807,Андреа Ло Веккьо,1942-10-07T00:00:00Z,2021-02-17T00:00:00Z,Милан,Рим,мужской пол,Королевство Италия
http://www.wikidata.org/entity/Q3615807,Андреа Ло Веккьо,1942-10-07T00:00:00Z,2021-02-17T00:00:00Z,Милан,Рим,мужской пол,Италия
http://www.wikidata.org/.well-known/genid/996a10bc70b2a7667eed187b234a09e8,http://www.wikidata.org/.well-known/genid/996a10bc70b2a7667eed187b234a09e8,,,,,,
http://www.wikidata.org/entity/Q2374412,Tom Manders,1921-10-23T00:00:00Z,1972-02-26T00:00:00Z,Гаага,Утрехт,мужской пол,Королевство Нидерландов
http://www.wikidata.org/.well-known/genid/00ef6a0742efc2dad695aa9338c5d474,http://www.wikidata.org/.well-known/genid/00ef6a0742efc2dad695aa9338c5d474,,,,,,
http://www.wikidata.org/entity/Q2397430,Michel Luette,1566-06-14T00:00:00Z,1621-09-01T00:00:00Z,Blandouet,Монтобан,мужской пол,Франция
http://www.wikidata.org/.well-known/genid/e399475f19eb4843b5766e6fe20e0e29,http://www.wikidata.org/.well-known/genid/e399475f19eb4843b5766e6fe20e0e29,,,,,,
http://www.wikidata.org/entity/Q3436009,Робер Ньель,1930-04-18T00:00:00Z,2016-11-26T00:00:00Z,Грас,Грас,мужской пол,Франция
http://www.wikidata.org/entity/Q111193171,Роза Линн,2000-05-20T00:00:00Z,,Ванадзор,,женский пол,Армения
http://www.wikidata.org/entity/Q9065373,"Quintero, León y Quiroga",,,,,,
http://www.wikidata.org/entity/Q128746,Ирвинг Берлин,1888-05-11T00:00:00Z,1989-09-22T00:00:00Z,Толочин,Нью-Йорк,мужской пол,США
http://www.wikidata.org/.well-known/genid/4bd94ab4086aa01ec6524e679577fc18,http://www.wikidata.org/.well-known/genid/4bd94ab4086aa01ec6524e679577fc18,,,,,,
http://www.wikidata.org/entity/Q112632182,Олег Эдуардович Лихачёв,1974-09-20T00:00:00Z,,Казань,,мужской пол,Россия
http://www.wikidata.org/entity/Q12286944,Миряна Башева,1947-02-11T00:00:00Z,2020-07-12T00:00:00Z,София,София,женский пол,Болгария
http://www.wikidata.org/entity/Q16595022,Ронела Хаяти,1989-09-02T00:00:00Z,,Тирана,,женский пол,Албания
http://www.wikidata.org/.well-known/genid/5bd07fea33466db931a544ae7b3771dc,http://www.wikidata.org/.well-known/genid/5bd07fea33466db931a544ae7b3771dc,,,,,,
http://www.wikidata.org/entity/Q48928848,Чэнь Цзи Хао,1989-04-20T00:00:00Z,,Цзиньшань,,мужской пол,Китайская Республика (Тайвань)
http://www.wikidata.org/entity/Q128746,Ирвинг Берлин,1888-05-11T00:00:00Z,1989-09-22T00:00:00Z,Тюмень,Нью-Йорк,мужской пол,США
http://www.wikidata.org/entity/Q43977,Ян Гус,1370-01-01T00:00:00Z,1415-07-15T00:00:00Z,Гусинец,Констанц,мужской пол,Священная Римская империя
http://www.wikidata.org/entity/Q128746,Ирвинг Берлин,1888-05-11T00:00:00Z,1989-09-22T00:00:00Z,Толочин,Нью-Йорк,мужской пол,Российская империя
http://www.wikidata.org/.well-known/genid/3d17118a74a36e8b60bb8c8f7d31c848,http://www.wikidata.org/.well-known/genid/3d17118a74a36e8b60bb8c8f7d31c848,,,,,,
http://www.wikidata.org/.well-known/genid/f1561cf2ed2866fcbf9f198f35559007,http://www.wikidata.org/.well-known/genid/f1561cf2ed2866fcbf9f198f35559007,,,,,,
http://www.wikidata.org/.well-known/genid/f6245edf49e11aaea7d0a7273b81bde6,http://www.wikidata.org/.well-known/genid/f6245edf49e11aaea7d0a7273b81bde6,,,,,,
http://www.wikidata.org/.well-known/genid/9e52bd4802cfa2c42de65d5cf5ddb111,http://www.wikidata.org/.well-known/genid/9e52bd4802cfa2c42de65d5cf5ddb111,,,,,,
http://www.wikidata.org/.well-known/genid/04e0ce6cc6799e588b9019790db15629,http://www.wikidata.org/.well-known/genid/04e0ce6cc6799e588b9019790db15629,,,,,,
http://www.wikidata.org/entity/Q43977,Ян Гус,1370-01-01T00:00:00Z,1415-07-15T00:00:00Z,Гусинец,Констанц,мужской пол,Королевство Богемия
http://www.wikidata.org/.well-known/genid/fb4e97be64cde7e9ad3d78ab38436fb4,http://www.wikidata.org/.well-known/genid/fb4e97be64cde7e9ad3d78ab38436fb4,,,,,,
http://www.wikidata.org/entity/Q128746,Ирвинг Берлин,1888-05-11T00:00:00Z,1989-09-22T00:00:00Z,Тюмень,Нью-Йорк,мужской пол,Российская империя
http://www.wikidata.org/entity/Q104782191,Син Ун Хо,1941-01-17T00:00:00Z,2020-03-23T00:00:00Z,Пончхон,,мужской пол,КНДР
http://www.wikidata.org/.well-known/genid/c8faa99a99dd8949679ef5058e71ac78,http://www.wikidata.org/.well-known/genid/c8faa99a99dd8949679ef5058e71ac78,,,,,,
http://www.wikidata.org/entity/Q110357101,Alexis Poulin,,,,,,
http://www.wikidata.org/entity/Q1979936,Дживани,1846-01-01T00:00:00Z,1909-03-05T00:00:00Z,Карцахи,Тбилиси,мужской пол,Российская империя
http://www.wikidata.org/.well-known/genid/4376b9afc4170f1eb57432e806e4bb04,http://www.wikidata.org/.well-known/genid/4376b9afc4170f1eb57432e806e4bb04,,,,,,
http://www.wikidata.org/entity/Q139328412,Lunae Lux,,,,,,Бразилия
http://www.wikidata.org/entity/Q117440368,Arde Bogotá,,,,,,
