work,workLabel,authorLabel,genreLabel,countryLabel,durationLabel
http://www.wikidata.org/entity/Q19154879,Den Nith wohl hinab,Роберт Бёрнс,,Королевство Великобритания,
http://www.wikidata.org/entity/Q19525966,Q19525966,Карел Тума,,Австро-Венгрия,
http://www.wikidata.org/entity/Q20196025,Cry of freedom,Брюс Смит,Palingsound,Шотландия,
http://www.wikidata.org/entity/Q20740312,Wet Day in September,Werner Theunissen,кантри-рок,Королевство Нидерландов,
http://www.wikidata.org/entity/Q20736277,Smile,Werner Theunissen,кантри-рок,Королевство Нидерландов,
http://www.wikidata.org/entity/Q20667987,A Boy From Nowhere,Edward Seago,middle of the road,Великобритания,
http://www.wikidata.org/entity/Q20740262,If You Ever Come to Amsterdam,Werner Theunissen,поп-музыка,Королевство Нидерландов,
http://www.wikidata.org/entity/Q19173368,Die Birken von Aberfeldy,Роберт Бёрнс,,Королевство Великобритания,
http://www.wikidata.org/entity/Q17136800,Spanish Stroll,Вилли Девиль,блюз-рок,США,
http://www.wikidata.org/entity/Q19176111,Die Hauptmedicin,Роберт Бёрнс,,Королевство Великобритания,
http://www.wikidata.org/entity/Q20738858,I'll Be Your Woman,Werner Theunissen,кантри,Королевство Нидерландов,
http://www.wikidata.org/entity/Q19177724,Die Logan-Höhen,Роберт Бёрнс,,Королевство Великобритания,
http://www.wikidata.org/entity/Q19526947,Q19526947,Карел Гашлер,,Чехословакия,
http://www.wikidata.org/entity/Q20741059,Teenage Queenie,Werner Theunissen,кантри-рок,Королевство Нидерландов,
http://www.wikidata.org/entity/Q20196766,Recuerda,Хуан Сайсар,музыка техано,Мексика,
http://www.wikidata.org/entity/Q20740943,Daddy,Werner Theunissen,кантри,Королевство Нидерландов,
http://www.wikidata.org/entity/Q20483914,Demasiado Corazon,Вилли Девиль,блюз-рок,США,
http://www.wikidata.org/entity/Q19179564,Die Schlacht von Sheriff-Muir,Роберт Бёрнс,,Королевство Великобритания,
http://www.wikidata.org/entity/Q20196706,(La comparsita) La paloma,Себастьян Ирадьер,Palingsound,Испания,
http://www.wikidata.org/entity/Q20667987,A Boy From Nowhere,Edward Seago,Palingsound,Великобритания,
http://www.wikidata.org/entity/Q20741055,Then the music stopped,Werner Theunissen,поп-рок,Королевство Нидерландов,
http://www.wikidata.org/entity/Q19183565,Die junge Peggy,Роберт Бёрнс,,Королевство Великобритания,
http://www.wikidata.org/entity/Q19184196,Die schöne Peggy Alison,Роберт Бёрнс,,Королевство Великобритания,
http://www.wikidata.org/entity/Q19526947,Q19526947,Карел Гашлер,,Австро-Венгрия,
http://www.wikidata.org/entity/Q20740982,Let Freedom Range,Werner Theunissen,поп-музыка,Королевство Нидерландов,
http://www.wikidata.org/entity/Q20740373,Hey Joe,Werner Theunissen,кантри-рок,Королевство Нидерландов,
http://www.wikidata.org/entity/Q18415622,Sláva šľachetným,Карол Кузманый,,Австрийская империя,
http://www.wikidata.org/entity/Q20741058,Une Chambre Pour La Nuit,Werner Theunissen,поп-музыка,Королевство Нидерландов,
http://www.wikidata.org/entity/Q17136800,Spanish Stroll,Вилли Девиль,Palingsound,США,
http://www.wikidata.org/entity/Q19539047,Q19539047,Отто Линдблад,,Швеция,
http://www.wikidata.org/entity/Q20679648,I've Got Dreams to Remember,Zelma Redding,соул,США,
http://www.wikidata.org/entity/Q20679648,I've Got Dreams to Remember,Отис Реддинг,соул,США,
http://www.wikidata.org/entity/Q20679648,I've Got Dreams to Remember,Zelma Redding,фанк,США,
http://www.wikidata.org/entity/Q20679648,I've Got Dreams to Remember,Отис Реддинг,фанк,США,
http://www.wikidata.org/entity/Q17230742,Rouge,Миюки Накадзима,каёкёку,Япония,
http://www.wikidata.org/entity/Q20667987,A Boy From Nowhere,Mike Leander,middle of the road,Великобритания,
http://www.wikidata.org/entity/Q19195363,Es lebe die Maid mit Vermögen,Роберт Бёрнс,,Королевство Великобритания,
http://www.wikidata.org/entity/Q19195491,Es war ’ne Maid und die war schön,Роберт Бёрнс,,Королевство Великобритания,
http://www.wikidata.org/entity/Q20196025,Cry of freedom,Piet Veerman,Palingsound,Королевство Нидерландов,
http://www.wikidata.org/entity/Q20483914,Demasiado Corazon,Вилли Девиль,Palingsound,США,
http://www.wikidata.org/entity/Q20738858,I'll Be Your Woman,Werner Theunissen,баллада,Королевство Нидерландов,
http://www.wikidata.org/entity/Q19198300,"Gatte, Gatte, höre mich!",Роберт Бёрнс,,Королевство Великобритания,
http://www.wikidata.org/entity/Q20679648,I've Got Dreams to Remember,Joe Rock,соул,США,
http://www.wikidata.org/entity/Q20483893,I Call Your Name,Вилли Девиль,рокабилли,США,
http://www.wikidata.org/entity/Q20434353,Still (I love you still),Вилли Девиль,блюз-рок,США,
http://www.wikidata.org/entity/Q20196095,Follow Me,Герберт Крецмер,Palingsound,Великобритания,
http://www.wikidata.org/entity/Q20736263,Georgie,Werner Theunissen,кантри-рок,Королевство Нидерландов,
http://www.wikidata.org/entity/Q17067672,Loop di Love,Dieter Dierks,поп-рок,Германия,
http://www.wikidata.org/entity/Q19529035,Q19529035,František Komprda,,,
http://www.wikidata.org/entity/Q20196766,Recuerda,Хуан Сайсар,Palingsound,Мексика,
http://www.wikidata.org/entity/Q20740312,Wet Day in September,Werner Theunissen,латиноамериканская поп-музыка,Королевство Нидерландов,
http://www.wikidata.org/entity/Q19536239,Q19536239,Завиш из Запи,,,
http://www.wikidata.org/entity/Q20741062,Lovers of a Kind,Ховард Гудолл,электронная музыка,Великобритания,
http://www.wikidata.org/entity/Q19208766,Gingst von mir für immer,Роберт Бёрнс,,Королевство Великобритания,
http://www.wikidata.org/entity/Q20196095,Follow Me,Герберт Крецмер,поп-музыка,Великобритания,
http://www.wikidata.org/entity/Q20667987,A Boy From Nowhere,Mike Leander,Palingsound,Великобритания,
http://www.wikidata.org/entity/Q19212319,Ich hab’ ein Weib für mich allein,Роберт Бёрнс,,Королевство Великобритания,
http://www.wikidata.org/entity/Q19212503,Ihr grünenden Berge,Роберт Бёрнс,,Королевство Великобритания,
http://www.wikidata.org/entity/Q19213966,Jockey küßte mich und ging,Роберт Бёрнс,,Королевство Великобритания,
http://www.wikidata.org/entity/Q19214652,Junge Jamie,Роберт Бёрнс,,Королевство Великобритания,
http://www.wikidata.org/entity/Q20196766,Recuerda,Хуан Сайсар,поп-музыка,Мексика,
http://www.wikidata.org/entity/Q19217297,"Lebwohl, du Strom",Роберт Бёрнс,,Королевство Великобритания,
http://www.wikidata.org/entity/Q20434353,Still (I love you still),Вилли Девиль,Palingsound,США,
http://www.wikidata.org/entity/Q20741037,Doin' La Bamba,Werner Theunissen,латиноамериканская поп-музыка,Королевство Нидерландов,
http://www.wikidata.org/entity/Q20196095,Follow Me,Герберт Крецмер,Palingsound,ЮАР,
http://www.wikidata.org/entity/Q20667978,Soledad,Emilio José,латиноамериканская поп-музыка,Испания,
http://www.wikidata.org/entity/Q19219378,Mein Schweinchen,Роберт Бёрнс,,Королевство Великобритания,
http://www.wikidata.org/entity/Q19219499,Meine Nannie ist fort,Роберт Бёрнс,,Королевство Великобритания,
http://www.wikidata.org/entity/Q19132236,"Auf der See, so weit, so weit",Роберт Бёрнс,,Королевство Великобритания,
http://www.wikidata.org/entity/Q20423680,Angel eyes,Вилли Девиль,блюз-рок,США,
http://www.wikidata.org/entity/Q19222430,"O, Willie braut’ ’nen Eimer Bier",Роберт Бёрнс,,Королевство Великобритания,
http://www.wikidata.org/entity/Q19222436,"O, froh war ich immer",Роберт Бёрнс,,Королевство Великобритания,
http://www.wikidata.org/entity/Q19222451,"O, wär’ mein Lieb die Fliederblüth’",Роберт Бёрнс,,Королевство Великобритания,
http://www.wikidata.org/entity/Q19222484,"O Philly, Segen sei dem Tag",Роберт Бёрнс,,Королевство Великобритания,
http://www.wikidata.org/entity/Q19223701,"Phillis, mein Kind",Роберт Бёрнс,,Королевство Великобритания,
http://www.wikidata.org/entity/Q19226673,"Saht Ihr mein Liebchen, die Philly?",Роберт Бёрнс,,Королевство Великобритания,
http://www.wikidata.org/entity/Q19228237,"Sie sagt, sie liebt am meisten mich",Роберт Бёрнс,,Королевство Великобритания,
http://www.wikidata.org/entity/Q20196095,Follow Me,Герберт Крецмер,поп-музыка,ЮАР,
http://www.wikidata.org/entity/Q20196095,Follow Me,Hal Shaper,Palingsound,ЮАР,
http://www.wikidata.org/entity/Q20741037,Doin' La Bamba,Werner Theunissen,рок-н-ролл,Королевство Нидерландов,
http://www.wikidata.org/entity/Q19535538,Q19535538,Václav Karel Holan Rovenský,,,
http://www.wikidata.org/entity/Q20196706,(La comparsita) La paloma,Херардо Родригес,Palingsound,Уругвай,
http://www.wikidata.org/entity/Q20741058,Une Chambre Pour La Nuit,Werner Theunissen,рок-н-ролл,Королевство Нидерландов,
http://www.wikidata.org/entity/Q19142802,Bleib’ mein Trauter!,Роберт Бёрнс,,Королевство Великобритания,
http://www.wikidata.org/entity/Q18692874,California Blue,Джефф Линн,шлягер,Великобритания,
http://www.wikidata.org/entity/Q20196095,Follow Me,Hal Shaper,поп-музыка,ЮАР,
http://www.wikidata.org/entity/Q19146319,Damon und Sylvia,Роберт Бёрнс,,Королевство Великобритания,
http://www.wikidata.org/entity/Q19214504,Jubelfestlied der Burschenschaft,Фридрих Гофман,,Саксен-Кобург-Гота,
http://www.wikidata.org/entity/Q19237679,Weit über den Forth,Роберт Бёрнс,,Королевство Великобритания,
http://www.wikidata.org/entity/Q19237901,Wenn ros’ger Mai mit Blumen naht,Роберт Бёрнс,,Королевство Великобритания,
http://www.wikidata.org/entity/Q19239703,Zorn’ges Schicksal,Роберт Бёрнс,,Королевство Великобритания,
http://www.wikidata.org/entity/Q20423680,Angel eyes,Вилли Девиль,Palingsound,США,
http://www.wikidata.org/entity/Q20740943,Daddy,Werner Theunissen,поп-музыка,Королевство Нидерландов,
http://www.wikidata.org/entity/Q18692874,California Blue,Рой Орбисон,шлягер,США,
http://www.wikidata.org/entity/Q20082567,Поручик Голицын,"Гончаренко, Георгий Иванович",городской романс,,
http://www.wikidata.org/entity/Q19101606,The Valiant Soldiers,Соджорнер Трут,,США,
http://www.wikidata.org/entity/Q18692874,California Blue,Том Петти,шлягер,США,
http://www.wikidata.org/entity/Q20483893,I Call Your Name,Вилли Девиль,Palingsound,США,
http://www.wikidata.org/entity/Q20655755,Free,Ellert Driessen,Palingsound,Королевство Нидерландов,
http://www.wikidata.org/entity/Q19145607,Chloris,Роберт Бёрнс,,Королевство Великобритания,
http://www.wikidata.org/entity/Q99964963,Q99964963,Вацлав Ганка,,Австрийская империя,
http://www.wikidata.org/entity/Q97258646,Q97258646,Nico Outhuijse,Frisian pop,Королевство Нидерландов,323
http://www.wikidata.org/entity/Q99972798,Q99972798,Леош Яначек,,Чехословакия,
http://www.wikidata.org/entity/Q99972799,Q99972799,Леош Яначек,,Чехословакия,
http://www.wikidata.org/entity/Q99972796,Q99972796,Леош Яначек,,Чехословакия,
http://www.wikidata.org/entity/Q99972802,Q99972802,Леош Яначек,,Чехословакия,
http://www.wikidata.org/entity/Q99972803,Q99972803,Леош Яначек,,Чехословакия,
http://www.wikidata.org/entity/Q99972800,Q99972800,Леош Яначек,,Чехословакия,
http://www.wikidata.org/entity/Q99972801,Q99972801,Леош Яначек,,Чехословакия,
http://www.wikidata.org/entity/Q99972806,Q99972806,Леош Яначек,,Чехословакия,
http://www.wikidata.org/entity/Q99972807,Q99972807,Леош Яначек,,Чехословакия,
http://www.wikidata.org/entity/Q99972804,Q99972804,Леош Яначек,,Чехословакия,
http://www.wikidata.org/entity/Q99972810,Q99972810,Леош Яначек,,Чехословакия,
http://www.wikidata.org/entity/Q99972811,Q99972811,Леош Яначек,,Чехословакия,
http://www.wikidata.org/entity/Q99972808,Q99972808,Леош Яначек,,Чехословакия,
http://www.wikidata.org/entity/Q99972809,Q99972809,Леош Яначек,,Чехословакия,
http://www.wikidata.org/entity/Q99972814,Q99972814,Леош Яначек,,Чехословакия,
http://www.wikidata.org/entity/Q99972815,Q99972815,Леош Яначек,,Чехословакия,
http://www.wikidata.org/entity/Q99972812,Q99972812,Леош Яначек,,Чехословакия,
http://www.wikidata.org/entity/Q99972818,Q99972818,Леош Яначек,,Чехословакия,
http://www.wikidata.org/entity/Q99972819,Q99972819,Леош Яначек,,Чехословакия,
http://www.wikidata.org/entity/Q99972816,Q99972816,Леош Яначек,,Чехословакия,
http://www.wikidata.org/entity/Q99972817,Q99972817,Леош Яначек,,Чехословакия,
http://www.wikidata.org/entity/Q97258646,Q97258646,Syb van der Ploeg,Frisian pop,Королевство Нидерландов,323
http://www.wikidata.org/entity/Q97258646,Q97258646,Nico Outhuijse,рок-музыка,Королевство Нидерландов,323
http://www.wikidata.org/entity/Q97258646,Q97258646,Syb van der Ploeg,рок-музыка,Королевство Нидерландов,323
http://www.wikidata.org/entity/Q99972798,Q99972798,Леош Яначек,,Австрийская империя,
http://www.wikidata.org/entity/Q99972799,Q99972799,Леош Яначек,,Австрийская империя,
http://www.wikidata.org/entity/Q99972796,Q99972796,Леош Яначек,,Австрийская империя,
http://www.wikidata.org/entity/Q99972802,Q99972802,Леош Яначек,,Австрийская империя,
http://www.wikidata.org/entity/Q99972803,Q99972803,Леош Яначек,,Австрийская империя,
http://www.wikidata.org/entity/Q99972800,Q99972800,Леош Яначек,,Австрийская империя,
http://www.wikidata.org/entity/Q99972801,Q99972801,Леош Яначек,,Австрийская империя,
http://www.wikidata.org/entity/Q99972806,Q99972806,Леош Яначек,,Австрийская империя,
http://www.wikidata.org/entity/Q99972807,Q99972807,Леош Яначек,,Австрийская империя,
http://www.wikidata.org/entity/Q99972804,Q99972804,Леош Яначек,,Австрийская империя,
http://www.wikidata.org/entity/Q99972810,Q99972810,Леош Яначек,,Австрийская империя,
http://www.wikidata.org/entity/Q99972811,Q99972811,Леош Яначек,,Австрийская империя,
http://www.wikidata.org/entity/Q99972808,Q99972808,Леош Яначек,,Австрийская империя,
http://www.wikidata.org/entity/Q99972809,Q99972809,Леош Яначек,,Австрийская империя,
http://www.wikidata.org/entity/Q99972814,Q99972814,Леош Яначек,,Австрийская империя,
http://www.wikidata.org/entity/Q99972815,Q99972815,Леош Яначек,,Австрийская империя,
http://www.wikidata.org/entity/Q99972812,Q99972812,Леош Яначек,,Австрийская империя,
http://www.wikidata.org/entity/Q99972818,Q99972818,Леош Яначек,,Австрийская империя,
http://www.wikidata.org/entity/Q99972819,Q99972819,Леош Яначек,,Австрийская империя,
http://www.wikidata.org/entity/Q99972816,Q99972816,Леош Яначек,,Австрийская империя,
http://www.wikidata.org/entity/Q99972817,Q99972817,Леош Яначек,,Австрийская империя,
http://www.wikidata.org/entity/Q99964967,Q99964967,Josef Režný,,Чехия,
http://www.wikidata.org/entity/Q99964970,Q99964970,Josef Režný,,Чехия,
http://www.wikidata.org/entity/Q99964971,Q99964971,Josef Režný,,Чехия,
http://www.wikidata.org/entity/Q99964968,Q99964968,Josef Režný,,Чехия,
http://www.wikidata.org/entity/Q99964969,Q99964969,Josef Režný,,Чехия,
http://www.wikidata.org/entity/Q99964972,Q99964972,Josef Režný,,Чехия,
http://www.wikidata.org/entity/Q99964973,Q99964973,Josef Režný,,Чехия,
http://www.wikidata.org/entity/Q99972798,Q99972798,Франтишек Бартош,,Цислейтания,
http://www.wikidata.org/entity/Q99972799,Q99972799,Франтишек Бартош,,Цислейтания,
http://www.wikidata.org/entity/Q99972796,Q99972796,Франтишек Бартош,,Цислейтания,
http://www.wikidata.org/entity/Q99972802,Q99972802,Франтишек Бартош,,Цислейтания,
http://www.wikidata.org/entity/Q99972803,Q99972803,Франтишек Бартош,,Цислейтания,
http://www.wikidata.org/entity/Q99972800,Q99972800,Франтишек Бартош,,Цислейтания,
http://www.wikidata.org/entity/Q99972801,Q99972801,Франтишек Бартош,,Цислейтания,
http://www.wikidata.org/entity/Q99972806,Q99972806,Франтишек Бартош,,Цислейтания,
http://www.wikidata.org/entity/Q99972807,Q99972807,Франтишек Бартош,,Цислейтания,
http://www.wikidata.org/entity/Q99972804,Q99972804,Франтишек Бартош,,Цислейтания,
http://www.wikidata.org/entity/Q99972810,Q99972810,Франтишек Бартош,,Цислейтания,
http://www.wikidata.org/entity/Q99972811,Q99972811,Франтишек Бартош,,Цислейтания,
http://www.wikidata.org/entity/Q99972808,Q99972808,Франтишек Бартош,,Цислейтания,
http://www.wikidata.org/entity/Q99972809,Q99972809,Франтишек Бартош,,Цислейтания,
http://www.wikidata.org/entity/Q99972812,Q99972812,Франтишек Бартош,,Цислейтания,
http://www.wikidata.org/entity/Q99972923,Q99972923,Адам Вацлав Михна,,,
http://www.wikidata.org/entity/Q99972926,Q99972926,Адам Вацлав Михна,,,
http://www.wikidata.org/entity/Q99972927,Q99972927,Адам Вацлав Михна,,,
http://www.wikidata.org/entity/Q99972924,Q99972924,Адам Вацлав Михна,,,
http://www.wikidata.org/entity/Q99972925,Q99972925,Адам Вацлав Михна,,,
http://www.wikidata.org/entity/Q99972930,Q99972930,Адам Вацлав Михна,,,
http://www.wikidata.org/entity/Q99972928,Q99972928,Адам Вацлав Михна,,,
http://www.wikidata.org/entity/Q99972929,Q99972929,Адам Вацлав Михна,,,
http://www.wikidata.org/entity/Q99972933,Q99972933,Адам Вацлав Михна,,,
http://www.wikidata.org/entity/Q99972937,Q99972937,Адам Вацлав Михна,,,
http://www.wikidata.org/entity/Q98456388,Papa chanteur,Jean-Luc Lahaye,middle of the road,Франция,
http://www.wikidata.org/entity/Q99972843,Q99972843,Йозеф Каэтан Тыл,,Австрийская империя,
http://www.wikidata.org/entity/Q97258646,Q97258646,Nico Outhuijse,поп-музыка,Королевство Нидерландов,323
http://www.wikidata.org/entity/Q97258646,Q97258646,Syb van der Ploeg,поп-музыка,Королевство Нидерландов,323
http://www.wikidata.org/entity/Q96694468,Children,Джо Саут,,США,
http://www.wikidata.org/entity/Q99964838,Q99964838,Франтишек Ладислав Челаковский,,Австрийская империя,
http://www.wikidata.org/entity/Q99964839,Q99964839,Франтишек Ладислав Челаковский,,Австрийская империя,
http://www.wikidata.org/entity/Q99964837,Q99964837,Франтишек Ладислав Челаковский,,Австрийская империя,
http://www.wikidata.org/entity/Q99964842,Q99964842,Франтишек Ладислав Челаковский,,Австрийская империя,
http://www.wikidata.org/entity/Q99964843,Q99964843,Франтишек Ладислав Челаковский,,Австрийская империя,
http://www.wikidata.org/entity/Q99964840,Q99964840,Франтишек Ладислав Челаковский,,Австрийская империя,
http://www.wikidata.org/entity/Q99964841,Q99964841,Франтишек Ладислав Челаковский,,Австрийская империя,
http://www.wikidata.org/entity/Q99964846,Q99964846,Франтишек Ладислав Челаковский,,Австрийская империя,
http://www.wikidata.org/entity/Q99964847,Q99964847,Франтишек Ладислав Челаковский,,Австрийская империя,
http://www.wikidata.org/entity/Q99964844,Q99964844,Франтишек Ладислав Челаковский,,Австрийская империя,
http://www.wikidata.org/entity/Q99964845,Q99964845,Франтишек Ладислав Челаковский,,Австрийская империя,
http://www.wikidata.org/entity/Q99964850,Q99964850,Франтишек Ладислав Челаковский,,Австрийская империя,
http://www.wikidata.org/entity/Q99964851,Q99964851,Франтишек Ладислав Челаковский,,Австрийская империя,
http://www.wikidata.org/entity/Q99964848,Q99964848,Франтишек Ладислав Челаковский,,Австрийская империя,
http://www.wikidata.org/entity/Q99964849,Q99964849,Франтишек Ладислав Челаковский,,Австрийская империя,
http://www.wikidata.org/entity/Q99964852,Q99964852,Франтишек Ладислав Челаковский,,Австрийская империя,
http://www.wikidata.org/entity/Q20741062,Lovers of a Kind,Ховард Гудолл,поп-рок,Великобритания,
http://www.wikidata.org/entity/Q3051379,Elle me contrôle,Мэтт Покора,поп-музыка,Франция,
http://www.wikidata.org/entity/Q3028868,Knockdown,Xenomania,современный ритм-н-блюз,,
http://www.wikidata.org/entity/Q20754911,We'll Put the World Together Again,Rainer Pietsch,middle of the road,Германия,
http://www.wikidata.org/entity/Q7190433,Pibare Rama Rasam,Sadasiva Brahmendra,,,
http://www.wikidata.org/entity/Q99964962,Q99964962,Antonín Vorel,,Чехословакия,
http://www.wikidata.org/entity/Q99964963,Q99964963,Antonín Vorel,,Чехословакия,
http://www.wikidata.org/entity/Q99964960,Q99964960,Antonín Vorel,,Чехословакия,
http://www.wikidata.org/entity/Q99964964,Q99964964,Antonín Vorel,,Чехословакия,
http://www.wikidata.org/entity/Q7968538,War Song,Нил Янг,песня протеста,США,
http://www.wikidata.org/entity/Q17067672,Loop di Love,Michael Schepior,поп-рок,,
http://www.wikidata.org/entity/Q3053483,En attendant la fin,Malory,поп-музыка,Франция,
http://www.wikidata.org/entity/Q20741071,Take a Look at Me,Günter Lammers,электронный рок,Германия,
http://www.wikidata.org/entity/Q20741071,Take a Look at Me,David Christopher John Colman,электронный рок,Великобритания,
http://www.wikidata.org/entity/Q2299769,Stars,Ноэл Хоган,рок-музыка,Ирландия,
http://www.wikidata.org/entity/Q4317900,Нет,Константин Меладзе,поп-музыка,Россия,236
http://www.wikidata.org/entity/Q97732499,Q97732499,http://www.wikidata.org/.well-known/genid/7f806e614bcd784a409c2bd87c014b54,,,
http://www.wikidata.org/entity/Q4317900,Нет,Константин Меладзе,поп-музыка,Украина,236
http://www.wikidata.org/entity/Q16615833,Ticket to Heaven,Марк Нопфлер,баллада,Великобритания,
http://www.wikidata.org/entity/Q99964966,Pásl Janko dva voly u hája,Antonín Vorel,,Чехословакия,
http://www.wikidata.org/entity/Q3430734,You Needed Me,Randy Goodrum,европоп,США,
http://www.wikidata.org/entity/Q7798517,Throw Your Hands (In the Air),Prodigy,хип-хоп,США,
http://www.wikidata.org/entity/Q7968538,War Song,Нил Янг,песня протеста,Канада,
http://www.wikidata.org/entity/Q4959377,Breakaway,Jackie DeShannon,ритм-н-блюз,США,
http://www.wikidata.org/entity/Q4317900,Нет,Константин Меладзе,поп-музыка,СССР,236
http://www.wikidata.org/entity/Q2699287,Toilet no Kamisama,Кана Уэмура,драматический сериал,Япония,
http://www.wikidata.org/entity/Q3266334,Old Man (песня),Нил Янг,фолк-рок,США,
http://www.wikidata.org/entity/Q20754911,We'll Put the World Together Again,Michael Holm,поп-музыка,Германия,
http://www.wikidata.org/entity/Q6129496,Sirius,Алан Парсонс,арт-рок,Великобритания,114
http://www.wikidata.org/entity/Q3028868,Knockdown,Алиша Диксон,современный ритм-н-блюз,Великобритания,
http://www.wikidata.org/entity/Q11794549,"О, мой розмарин",Wacław Denhoff-Czarnocki,,Польша,
http://www.wikidata.org/entity/Q3430734,You Needed Me,Randy Goodrum,кантри,США,
http://www.wikidata.org/entity/Q20754913,Out of Reach,Ton Scherpenzeel,поп-музыка,Королевство Нидерландов,
http://www.wikidata.org/entity/Q2061180,Lollipop,Тедди Пак,K-pop,Республика Корея,
http://www.wikidata.org/entity/Q20741083,Chicano,Werner Theunissen,латин-рок,Королевство Нидерландов,
http://www.wikidata.org/entity/Q3266334,Old Man (песня),Нил Янг,фолк-рок,Канада,
http://www.wikidata.org/entity/Q20741062,Lovers of a Kind,Andy Arthurs,middle of the road,,
http://www.wikidata.org/entity/Q20754911,We'll Put the World Together Again,Rainer Pietsch,поп-музыка,Германия,
http://www.wikidata.org/entity/Q13445412,A Little Party Never Killed Nobody (All We Got),Андреа Мартин,поп-музыка,ФРГ,
http://www.wikidata.org/entity/Q20741062,Lovers of a Kind,Andy Arthurs,поп-рок,,
http://www.wikidata.org/entity/Q2600426,Arms of Mary,Iain Sutherland,Palingsound,,
http://www.wikidata.org/entity/Q9283604,Q9283604,Михаил Балуцкий,,Польша,
http://www.wikidata.org/entity/Q12990194,Q12990194,Аннамачарья,,,
http://www.wikidata.org/entity/Q12998130,Q12998130,Аннамачарья,,,
http://www.wikidata.org/entity/Q16615833,Ticket to Heaven,Марк Нопфлер,рок-музыка,Великобритания,
http://www.wikidata.org/entity/Q2600426,Arms of Mary,Iain Sutherland,поп-музыка,,
http://www.wikidata.org/entity/Q16618307,Q16618307,аноним,рождественская песнь,,
http://www.wikidata.org/entity/Q3028868,Knockdown,Алиша Диксон,регги,Великобритания,
http://www.wikidata.org/entity/Q2838711,Allumer le Feu,Зази,рок-музыка,Франция,
http://www.wikidata.org/entity/Q3266334,Old Man (песня),Нил Янг,кантри-рок,США,
http://www.wikidata.org/entity/Q13445412,A Little Party Never Killed Nobody (All We Got),Q-Tip,поп-музыка,США,
http://www.wikidata.org/entity/Q2299769,Stars,Долорес О’Риордан,рок-музыка,Ирландия,
http://www.wikidata.org/entity/Q9283604,Q9283604,Михаил Балуцкий,,Австрийская империя,
http://www.wikidata.org/entity/Q100747053,Q100747053,Юлия Хаусман,духовная песня,Российская империя,
http://www.wikidata.org/entity/Q20741062,Lovers of a Kind,Andy Arthurs,электронная музыка,,
http://www.wikidata.org/entity/Q7062129,Not Meant to Be,Кара Диогуарди,Табулатура,США,
http://www.wikidata.org/entity/Q920366,Vincent,Дон Маклин,рок-музыка,США,243
http://www.wikidata.org/entity/Q7062129,Not Meant to Be,Theory of a Deadman,Табулатура,,
http://www.wikidata.org/entity/Q3266334,Old Man (песня),Нил Янг,кантри-рок,Канада,
http://www.wikidata.org/entity/Q20743490,Light of a Gypsy,Werner Theunissen,электронная музыка,Королевство Нидерландов,
http://www.wikidata.org/entity/Q9283604,Q9283604,Михаил Балуцкий,,Российская империя,
http://www.wikidata.org/entity/Q16387274,Krunk,Комитас,,Франция,
http://www.wikidata.org/entity/Q2633281,J’en ai marre!,Милен Фармер,дэнс-поп,Франция,4.583333
http://www.wikidata.org/entity/Q2633281,J’en ai marre!,Милен Фармер,дэнс-поп,Франция,5.0833333
http://www.wikidata.org/entity/Q99972836,Q99972836,http://www.wikidata.org/.well-known/genid/10860ef138495451747f114972c493c2,,,
http://www.wikidata.org/entity/Q99972840,Q99972840,http://www.wikidata.org/.well-known/genid/be30d6a134b849438a250e9c0ca087b4,,,
http://www.wikidata.org/entity/Q99972847,Q99972847,http://www.wikidata.org/.well-known/genid/821089dbb519d29b46a93336453be3c6,,,
http://www.wikidata.org/entity/Q99972845,Q99972845,http://www.wikidata.org/.well-known/genid/e431db92010d42170ec33d23d8f3ac43,,,
http://www.wikidata.org/entity/Q99972850,Q99972850,http://www.wikidata.org/.well-known/genid/e24b80bbca494853035fe3680ce1cff0,,,
http://www.wikidata.org/entity/Q99972854,Q99972854,http://www.wikidata.org/.well-known/genid/3efb0ac91c006a758fbeeac651ebe68c,,,
http://www.wikidata.org/entity/Q99972852,Q99972852,http://www.wikidata.org/.well-known/genid/dd6948058fb7a907586650baa4046809,,,
http://www.wikidata.org/entity/Q7798517,Throw Your Hands (In the Air),Хэвок,хип-хоп,США,
http://www.wikidata.org/entity/Q6129496,Sirius,Алан Парсонс,инструментальный рок,Великобритания,114
http://www.wikidata.org/entity/Q10974640,Nafarroa arragoa,Xabier Lete,,Испания,
http://www.wikidata.org/entity/Q99972857,Q99972857,Алеш Бальцарек,,,
http://www.wikidata.org/entity/Q4317900,Нет,Константин Меладзе,поп-музыка,Грузия,236
http://www.wikidata.org/entity/Q16387274,Krunk,Комитас,,Османская империя,
http://www.wikidata.org/entity/Q5691988,Heart Half Empty,Дезмонд Чайлд,кантри,США,
http://www.wikidata.org/entity/Q5691988,Heart Half Empty,Дезмонд Чайлд,кантри,Венгрия,
http://www.wikidata.org/entity/Q3028868,Knockdown,Xenomania,регги,,
http://www.wikidata.org/entity/Q20754916,It Turned Out to Be You,Dick Altena,кантри,Королевство Нидерландов,
http://www.wikidata.org/entity/Q2061180,Lollipop,Тедди Пак,бабблгам-поп,Республика Корея,
http://www.wikidata.org/entity/Q20679648,I've Got Dreams to Remember,Joe Rock,фанк,США,
http://www.wikidata.org/entity/Q6129496,Sirius,Алан Парсонс,прогрессивный рок,Великобритания,114
http://www.wikidata.org/entity/Q2633281,J’en ai marre!,Милен Фармер,дэнс-поп,Канада,4.583333
http://www.wikidata.org/entity/Q2633281,J’en ai marre!,Милен Фармер,дэнс-поп,Канада,5.0833333
http://www.wikidata.org/entity/Q6897569,Mon plus beau Noël,Fred Blondin,рок-музыка,Франция,
http://www.wikidata.org/entity/Q16387274,Krunk,Комитас,,Российская империя,
http://www.wikidata.org/entity/Q20743158,Chez Louis,Werner Theunissen,рок-музыка,Королевство Нидерландов,
http://www.wikidata.org/entity/Q99972814,Q99972814,Франтишек Бартош,,Цислейтания,
http://www.wikidata.org/entity/Q99972815,Q99972815,Франтишек Бартош,,Цислейтания,
http://www.wikidata.org/entity/Q99972818,Q99972818,Франтишек Бартош,,Цислейтания,
http://www.wikidata.org/entity/Q99972819,Q99972819,Франтишек Бартош,,Цислейтания,
http://www.wikidata.org/entity/Q99972816,Q99972816,Франтишек Бартош,,Цислейтания,
http://www.wikidata.org/entity/Q99972817,Q99972817,Франтишек Бартош,,Цислейтания,
http://www.wikidata.org/entity/Q7715876,The Battle of New Orleans,Jimmy Driftwood,кантри,США,
http://www.wikidata.org/entity/Q7968538,War Song,Нил Янг,фолк-рок,США,
http://www.wikidata.org/entity/Q20870095,Comes a Time,Нил Янг,кантри,США,
http://www.wikidata.org/entity/Q20754913,Out of Reach,Irene Linders,поп-музыка,Королевство Нидерландов,
http://www.wikidata.org/entity/Q5691988,Heart Half Empty,Gary Burr,кантри,США,
http://www.wikidata.org/entity/Q3051379,Elle me contrôle,Kore & Skalp,поп-музыка,,
http://www.wikidata.org/entity/Q20741062,Lovers of a Kind,Ховард Гудолл,middle of the road,Великобритания,
http://www.wikidata.org/entity/Q20743490,Light of a Gypsy,Werner Theunissen,поп-музыка,Королевство Нидерландов,
http://www.wikidata.org/entity/Q2699287,Toilet no Kamisama,Кана Уэмура,J-pop,Япония,
http://www.wikidata.org/entity/Q6866870,Yatzanu At,Хаим Хефер,музыка Израиля,Израиль,
http://www.wikidata.org/entity/Q20870095,Comes a Time,Нил Янг,фолк,США,
http://www.wikidata.org/entity/Q99972939,Q99972939,Адам Вацлав Михна,,,
http://www.wikidata.org/entity/Q99972941,Q99972941,Адам Вацлав Михна,,,
http://www.wikidata.org/entity/Q99972944,Q99972944,Адам Вацлав Михна,,,
http://www.wikidata.org/entity/Q7968538,War Song,Нил Янг,фолк-рок,Канада,
http://www.wikidata.org/entity/Q20870095,Comes a Time,Нил Янг,кантри,Канада,
http://www.wikidata.org/entity/Q3068258,Femme libérée,Joëlle Kopf,поп-музыка,Франция,
http://www.wikidata.org/entity/Q2061180,Lollipop,Тедди Пак,дэнс-поп,Республика Корея,
http://www.wikidata.org/entity/Q4959377,Breakaway,Sharon Sheeley,ритм-н-блюз,США,
http://www.wikidata.org/entity/Q13445412,A Little Party Never Killed Nobody (All We Got),Ферги,поп-музыка,США,
http://www.wikidata.org/entity/Q20743488,Roll On Sweet Mississippi,Билл Энтони,соул,США,
http://www.wikidata.org/entity/Q20743488,Roll On Sweet Mississippi,Билл Энтони,фанк,США,
http://www.wikidata.org/entity/Q20870095,Comes a Time,Нил Янг,фолк,Канада,
http://www.wikidata.org/entity/Q20754911,We'll Put the World Together Again,Michael Holm,middle of the road,Германия,
http://www.wikidata.org/entity/Q67202622,Q67202622,Франтишек Ладислав Челаковский,,Австрийская империя,
http://www.wikidata.org/entity/Q67202620,Q67202620,Франтишек Ладислав Челаковский,,Австрийская империя,
http://www.wikidata.org/entity/Q67202621,Q67202621,Франтишек Ладислав Челаковский,,Австрийская империя,
http://www.wikidata.org/entity/Q2906487,Шират ха-стикер,Давид Гроссман,хип-хоп,Израиль,
http://www.wikidata.org/entity/Q16035062,Q16035062,Louis Loiseau,,,
http://www.wikidata.org/entity/Q13445412,A Little Party Never Killed Nobody (All We Got),GoonRock,поп-музыка,США,
http://www.wikidata.org/entity/Q97203164,Amo a Laura,Guille Milkyway,электропоп,Испания,
http://www.wikidata.org/entity/Q15696579,Q15696579,Аннамачарья,,,
http://www.wikidata.org/entity/Q15703039,Q15703039,Аннамачарья,,,
http://www.wikidata.org/entity/Q12264871,Nire aitaren etxea defendituko dut,Габриель Арести,,Испания,
http://www.wikidata.org/entity/Q495433,Fire (песня 2NE1),Тедди Пак,K-pop,Республика Корея,224
http://www.wikidata.org/entity/Q67202605,Q67202605,Магдалена Добромила Реттигова,,Австрийская империя,
http://www.wikidata.org/entity/Q67202605,Q67202605,Магдалена Добромила Реттигова,,Габсбургская монархия,
http://www.wikidata.org/entity/Q52652416,Young Peggy,Роберт Бёрнс,,Королевство Великобритания,
http://www.wikidata.org/entity/Q52253896,Ještě jedno políbení,Роберт Бёрнс,,Королевство Великобритания,
http://www.wikidata.org/entity/Q67202514,Písně bosensko-hercegovské,Людвик Куба,,Австро-Венгрия,
http://www.wikidata.org/entity/Q67202514,Písně bosensko-hercegovské,Людвик Куба,,Австрийская империя,
http://www.wikidata.org/entity/Q54864105,Ó krutě vichr osudu,Роберт Бёрнс,,Королевство Великобритания,
http://www.wikidata.org/entity/Q51788150,Le Pouvoir des fleurs,Ален Сушон,шансон,Франция,216
http://www.wikidata.org/entity/Q63727059,Q63727059,Сара Фуллер Флауэр Адамс,,Соединённое королевство Великобритании и Ирландии,
http://www.wikidata.org/entity/Q52219530,Q52219530,Карел Яромир Эрбен,,Австро-Венгрия,
http://www.wikidata.org/entity/Q54879029,"Muži, muži, přestaň dnes",Роберт Бёрнс,,Королевство Великобритания,
http://www.wikidata.org/entity/Q52219530,Q52219530,Карел Яромир Эрбен,,Австрийская империя,
http://www.wikidata.org/entity/Q67202510,Q67202510,Адам Вацлав Михна,,,
http://www.wikidata.org/entity/Q54460052,Q54460052,Франтишек Ладислав Челаковский,,Австрийская империя,
http://www.wikidata.org/entity/Q54460760,Q54460760,Франтишек Ладислав Челаковский,,Австрийская империя,
http://www.wikidata.org/entity/Q50005140,Caméléon,Vitaa,поп-музыка,Франция,
http://www.wikidata.org/entity/Q51789010,Y'a d'la rumba dans l'air,Ален Сушон,шансон,Франция,196
http://www.wikidata.org/entity/Q52287867,Злая судьба (Бёрнс; Михайлов),Роберт Бёрнс,,Королевство Великобритания,
http://www.wikidata.org/entity/Q50363867,Ylämaan Meeri,Роберт Бёрнс,,Королевство Великобритания,
http://www.wikidata.org/entity/Q67202515,Q67202515,Людвик Куба,,Чехословакия,
http://www.wikidata.org/entity/Q67202518,Q67202518,Людвик Куба,,Чехословакия,
http://www.wikidata.org/entity/Q67202519,Q67202519,Людвик Куба,,Чехословакия,
http://www.wikidata.org/entity/Q67202516,Q67202516,Людвик Куба,,Чехословакия,
http://www.wikidata.org/entity/Q67202517,Q67202517,Людвик Куба,,Чехословакия,
http://www.wikidata.org/entity/Q67202522,Q67202522,Людвик Куба,,Чехословакия,
http://www.wikidata.org/entity/Q67202520,Q67202520,Людвик Куба,,Чехословакия,
http://www.wikidata.org/entity/Q67202521,Q67202521,Людвик Куба,,Чехословакия,
http://www.wikidata.org/entity/Q62616488,Moudrosti poklad s nebe,Ян Амос Коменский,,Габсбургская монархия,
http://www.wikidata.org/entity/Q62616556,Studně nepřevážená,Ян Амос Коменский,,Габсбургская монархия,
http://www.wikidata.org/entity/Q52073911,Willie brew'd a peck o' maut,Роберт Бёрнс,,Королевство Великобритания,
http://www.wikidata.org/entity/Q51271482,"My spouse, Nancy",Роберт Бёрнс,,Королевство Великобритания,
http://www.wikidata.org/entity/Q67202515,Q67202515,Людвик Куба,,Австро-Венгрия,
http://www.wikidata.org/entity/Q67202518,Q67202518,Людвик Куба,,Австро-Венгрия,
http://www.wikidata.org/entity/Q67202519,Q67202519,Людвик Куба,,Австро-Венгрия,
http://www.wikidata.org/entity/Q67202516,Q67202516,Людвик Куба,,Австро-Венгрия,
http://www.wikidata.org/entity/Q67202517,Q67202517,Людвик Куба,,Австро-Венгрия,
http://www.wikidata.org/entity/Q67202522,Q67202522,Людвик Куба,,Австро-Венгрия,
http://www.wikidata.org/entity/Q67202520,Q67202520,Людвик Куба,,Австро-Венгрия,
http://www.wikidata.org/entity/Q67202521,Q67202521,Людвик Куба,,Австро-Венгрия,
http://www.wikidata.org/entity/Q50363806,Highland Mary,Роберт Бёрнс,,Королевство Великобритания,
http://www.wikidata.org/entity/Q67202515,Q67202515,Людвик Куба,,Австрийская империя,
http://www.wikidata.org/entity/Q67202518,Q67202518,Людвик Куба,,Австрийская империя,
http://www.wikidata.org/entity/Q67202519,Q67202519,Людвик Куба,,Австрийская империя,
http://www.wikidata.org/entity/Q67202516,Q67202516,Людвик Куба,,Австрийская империя,
http://www.wikidata.org/entity/Q67202517,Q67202517,Людвик Куба,,Австрийская империя,
http://www.wikidata.org/entity/Q67202522,Q67202522,Людвик Куба,,Австрийская империя,
http://www.wikidata.org/entity/Q67202520,Q67202520,Людвик Куба,,Австрийская империя,
http://www.wikidata.org/entity/Q67202521,Q67202521,Людвик Куба,,Австрийская империя,
http://www.wikidata.org/entity/Q51730930,Má beruška,Роберт Бёрнс,,Королевство Великобритания,
http://www.wikidata.org/entity/Q50329859,John Barleycorn,Роберт Бёрнс,,Королевство Великобритания,
http://www.wikidata.org/entity/Q50329892,John Barleycorn,Роберт Бёрнс,,Королевство Великобритания,
http://www.wikidata.org/entity/Q51732462,Нэнни,Роберт Бёрнс,,Королевство Великобритания,
http://www.wikidata.org/entity/Q54728605,John Otrapää,Роберт Бёрнс,,Королевство Великобритания,
http://www.wikidata.org/entity/Q54727657,Джон Ячменное Зерно (Бёрнс; Михайлов),Роберт Бёрнс,,Королевство Великобритания,
http://www.wikidata.org/entity/Q67202586,Q67202586,Франтишек Ладислав Челаковский,,Австрийская империя,
http://www.wikidata.org/entity/Q67202584,Q67202584,Франтишек Ладислав Челаковский,,Австрийская империя,
http://www.wikidata.org/entity/Q67202585,Q67202585,Франтишек Ладислав Челаковский,,Австрийская империя,
http://www.wikidata.org/entity/Q67202590,Q67202590,Франтишек Ладислав Челаковский,,Австрийская империя,
http://www.wikidata.org/entity/Q67202591,Q67202591,Франтишек Ладислав Челаковский,,Австрийская империя,
http://www.wikidata.org/entity/Q67202588,Q67202588,Франтишек Ладислав Челаковский,,Австрийская империя,
http://www.wikidata.org/entity/Q67202589,Q67202589,Франтишек Ладислав Челаковский,,Австрийская империя,
http://www.wikidata.org/entity/Q67202594,Q67202594,Франтишек Ладислав Челаковский,,Австрийская империя,
http://www.wikidata.org/entity/Q67202595,Q67202595,Франтишек Ладислав Челаковский,,Австрийская империя,
http://www.wikidata.org/entity/Q67202592,Q67202592,Франтишек Ладислав Челаковский,,Австрийская империя,
http://www.wikidata.org/entity/Q67202593,Q67202593,Франтишек Ладислав Челаковский,,Австрийская империя,
http://www.wikidata.org/entity/Q67202598,Q67202598,Франтишек Ладислав Челаковский,,Австрийская империя,
http://www.wikidata.org/entity/Q67202599,Q67202599,Франтишек Ладислав Челаковский,,Австрийская империя,
http://www.wikidata.org/entity/Q67202596,Q67202596,Франтишек Ладислав Челаковский,,Австрийская империя,
http://www.wikidata.org/entity/Q67202597,Q67202597,Франтишек Ладислав Челаковский,,Австрийская империя,
http://www.wikidata.org/entity/Q67202602,Q67202602,Франтишек Ладислав Челаковский,,Австрийская империя,
http://www.wikidata.org/entity/Q67202603,Q67202603,Франтишек Ладислав Челаковский,,Австрийская империя,
http://www.wikidata.org/entity/Q67202600,Q67202600,Франтишек Ладислав Челаковский,,Австрийская империя,
http://www.wikidata.org/entity/Q67202601,Q67202601,Франтишек Ладислав Челаковский,,Австрийская империя,
http://www.wikidata.org/entity/Q67202606,Q67202606,Франтишек Ладислав Челаковский,,Австрийская империя,
http://www.wikidata.org/entity/Q67202607,Q67202607,Франтишек Ладислав Челаковский,,Австрийская империя,
http://www.wikidata.org/entity/Q67202604,Q67202604,Франтишек Ладислав Челаковский,,Австрийская империя,
http://www.wikidata.org/entity/Q67202610,Q67202610,Франтишек Ладислав Челаковский,,Австрийская империя,
http://www.wikidata.org/entity/Q67202611,Q67202611,Франтишек Ладислав Челаковский,,Австрийская империя,
http://www.wikidata.org/entity/Q67202608,Q67202608,Франтишек Ладислав Челаковский,,Австрийская империя,
http://www.wikidata.org/entity/Q67202609,Q67202609,Франтишек Ладислав Челаковский,,Австрийская империя,
http://www.wikidata.org/entity/Q67202612,Q67202612,Франтишек Ладислав Челаковский,,Австрийская империя,
http://www.wikidata.org/entity/Q50005140,Caméléon,Vitaa,рэп,Франция,
http://www.wikidata.org/entity/Q50821127,"Dám hubiček ti, dám",Роберт Бёрнс,,Королевство Великобритания,
http://www.wikidata.org/entity/Q52343089,Out over the Forth,Роберт Бёрнс,,Королевство Великобритания,
http://www.wikidata.org/entity/Q50824948,"Zůstaň, hochu",Роберт Бёрнс,,Королевство Великобритания,
http://www.wikidata.org/entity/Q64712098,Q64712098,Карел Яромир Эрбен,,Австро-Венгрия,
http://www.wikidata.org/entity/Q50329835,Jan Ječmínek,Роберт Бёрнс,,Королевство Великобритания,
http://www.wikidata.org/entity/Q64712098,Q64712098,Карел Яромир Эрбен,,Австрийская империя,
http://www.wikidata.org/entity/Q55121413,Q55121413,Johann Gabriel Seidl,,Австрийская империя,
http://www.wikidata.org/entity/Q56290691,Looking for Trouble,Джей Коул,,США,
http://www.wikidata.org/entity/Q60875748,Down the Street to 301,Джек Клемент,кантри,США,
http://www.wikidata.org/entity/Q54460755,Q54460755,Бедржих Сметана,,Австро-Венгрия,
http://www.wikidata.org/entity/Q54462130,Q54462130,Бедржих Сметана,,Австро-Венгрия,
http://www.wikidata.org/entity/Q54463000,Q54463000,Бедржих Сметана,,Австро-Венгрия,
http://www.wikidata.org/entity/Q54463446,Q54463446,Бедржих Сметана,,Австро-Венгрия,
http://www.wikidata.org/entity/Q67202514,Písně bosensko-hercegovské,Людвик Куба,,Чехословакия,
http://www.wikidata.org/entity/Q54460755,Q54460755,Бедржих Сметана,,Австрийская империя,
http://www.wikidata.org/entity/Q54462130,Q54462130,Бедржих Сметана,,Австрийская империя,
http://www.wikidata.org/entity/Q54463000,Q54463000,Бедржих Сметана,,Австрийская империя,
http://www.wikidata.org/entity/Q54463446,Q54463446,Бедржих Сметана,,Австрийская империя,
http://www.wikidata.org/entity/Q106897494,Q106897494,Miguel Wiels,EDM,Бельгия,221
http://www.wikidata.org/entity/Q105412153,We Were All Wounded at Wounded Knee,Сэнди Бэрон,поп-рок,США,205
http://www.wikidata.org/entity/Q106965266,Leun op mij,Paskal Jakobsen,Недерпоп,Королевство Нидерландов,156
http://www.wikidata.org/entity/Q106192741,Your Love (9PM),A7S,EDM,Швеция,150
http://www.wikidata.org/entity/Q106380391,Rain,"Д’Арби, Теренс Трент",соул,США,179
http://www.wikidata.org/entity/Q105412153,We Were All Wounded at Wounded Knee,Lolly Vegas,фанк,США,205
http://www.wikidata.org/entity/Q107011434,Q107011434,Jud Strunk,Недерпоп,США,169
http://www.wikidata.org/entity/Q105527261,Nothing but a Heartache,Tony Waddington,соул,Великобритания,161
http://www.wikidata.org/entity/Q106940869,Grand Hotel,Гэри Брукер,симфорок,Великобритания,258
http://www.wikidata.org/entity/Q107011434,Q107011434,Gerrit den Braber,Недерпоп,Королевство Нидерландов,169
http://www.wikidata.org/entity/Q103070027,It Must Have Been Love,Пер Гессле,поп-музыка,Швеция,
http://www.wikidata.org/entity/Q105161175,You Don't Have to Stay,Matthijs van Duijvenbode,поп-рок,Королевство Нидерландов,146
http://www.wikidata.org/entity/Q105232023,Q105232023,Анук,поп-рок,Королевство Нидерландов,225
http://www.wikidata.org/entity/Q105665810,Good as Gold,Грейсон Ченс,поп-музыка,США,
http://www.wikidata.org/entity/Q105412153,We Were All Wounded at Wounded Knee,Пэт Вегас,поп-рок,,205
http://www.wikidata.org/entity/Q106897494,Q106897494,Нильс Дестадсбадер,поп-музыка,Бельгия,221
http://www.wikidata.org/entity/Q106192741,Your Love (9PM),Topic,EDM,Германия,150
http://www.wikidata.org/entity/Q105925725,What's in a Word,Garry Christian,ритм-н-блюз,,298
http://www.wikidata.org/entity/Q105665810,Good as Gold,Грейсон Ченс,инди-поп,США,
http://www.wikidata.org/entity/Q105412153,We Were All Wounded at Wounded Knee,Сэнди Бэрон,фанк,США,205
http://www.wikidata.org/entity/Q105161175,You Don't Have to Stay,Matthijs van Duijvenbode,американа,Королевство Нидерландов,146
http://www.wikidata.org/entity/Q105925725,What's in a Word,Henry Priestman,ритм-н-блюз,Великобритания,298
http://www.wikidata.org/entity/Q105272920,Ik ga naar Frankrijk,Wim Kerkhof,фолк,Королевство Нидерландов,141
http://www.wikidata.org/entity/Q105105106,Q105105106,Луис Агиле,,Испания,
http://www.wikidata.org/entity/Q105105106,Q105105106,Луис Агиле,,Аргентина,
http://www.wikidata.org/entity/Q106989898,Took a Hit,Racoon,поп-рок,,204
http://www.wikidata.org/entity/Q106897494,Q106897494,Нильс Дестадсбадер,EDM,Бельгия,221
http://www.wikidata.org/entity/Q104977227,Žalm 13,http://www.wikidata.org/.well-known/genid/424b470f6c7e235f32b2b442cd7f5958,,,
http://www.wikidata.org/entity/Q107004142,We Are One,Ильзе ДеЛанж,поп-музыка,Королевство Нидерландов,
http://www.wikidata.org/entity/Q104977220,Q104977220,http://www.wikidata.org/.well-known/genid/6321fd71fc0d3af898e3b417ec42100e,,,
http://www.wikidata.org/entity/Q104977221,Q104977221,http://www.wikidata.org/.well-known/genid/c32f613e2e20578cb733edc1ec5d393f,,,
http://www.wikidata.org/entity/Q104977226,Q104977226,http://www.wikidata.org/.well-known/genid/4234967cff042172111b6e17bfc8e7e5,,,
http://www.wikidata.org/entity/Q104977224,Q104977224,http://www.wikidata.org/.well-known/genid/78cf4dcc073ad5474d1aece182b231b0,,,
http://www.wikidata.org/entity/Q104977230,Q104977230,http://www.wikidata.org/.well-known/genid/c981305556bcab07dada11b53e356ec2,,,
http://www.wikidata.org/entity/Q104977228,Q104977228,http://www.wikidata.org/.well-known/genid/619036349712ccad1ed3a437d5e6fb38,,,
http://www.wikidata.org/entity/Q104977235,Q104977235,http://www.wikidata.org/.well-known/genid/287ddfc559a49edd061b185b4f2ae54e,,,
http://www.wikidata.org/entity/Q104977232,Q104977232,http://www.wikidata.org/.well-known/genid/6b8e219ca92baef8f8776328f5b66e83,,,
http://www.wikidata.org/entity/Q104977233,Q104977233,http://www.wikidata.org/.well-known/genid/afd30b9b8dc1f4289af03ab76e143d7a,,,
http://www.wikidata.org/entity/Q104977237,Q104977237,http://www.wikidata.org/.well-known/genid/bbdbe7cf2edc358cd18338b07117aaa3,,,
http://www.wikidata.org/entity/Q104977242,Q104977242,http://www.wikidata.org/.well-known/genid/6b0a56a5e6125be37a160e66387bb192,,,
http://www.wikidata.org/entity/Q104977240,Q104977240,http://www.wikidata.org/.well-known/genid/eb5c6cf8d99aac19e6529201d5e32c54,,,
http://www.wikidata.org/entity/Q104977246,Q104977246,http://www.wikidata.org/.well-known/genid/347bda2b21ba98e5128075f7c97a6765,,,
http://www.wikidata.org/entity/Q104977244,Q104977244,http://www.wikidata.org/.well-known/genid/6da317b3c653d62e5a7cb536bdf71af6,,,
http://www.wikidata.org/entity/Q104977250,Q104977250,http://www.wikidata.org/.well-known/genid/95c73681d83053716b59d5b960b0027c,,,
http://www.wikidata.org/entity/Q104977248,Q104977248,http://www.wikidata.org/.well-known/genid/a49b7b9ba5d0df3f1769ebd3e8073e6e,,,
http://www.wikidata.org/entity/Q104977254,Q104977254,http://www.wikidata.org/.well-known/genid/ba81638173e9ee2460fbb9dc2adf721f,,,
http://www.wikidata.org/entity/Q104977255,Q104977255,http://www.wikidata.org/.well-known/genid/077de3f46b58f3f771c23231272860c4,,,
http://www.wikidata.org/entity/Q104977252,Q104977252,http://www.wikidata.org/.well-known/genid/c95e041cd7d68ad727cdf96d2265fa3e,,,
http://www.wikidata.org/entity/Q106192741,Your Love (9PM),ATB,EDM,Германия,150
http://www.wikidata.org/entity/Q106400385,Sendas distintas,Jorge Araújo Chiriboga,pasillo,Эквадор,
http://www.wikidata.org/entity/Q105272920,Ik ga naar Frankrijk,Wim Kerkhof,Недерпоп,Королевство Нидерландов,141
http://www.wikidata.org/entity/Q105161175,You Don't Have to Stay,Дуви Боб,поп-рок,Королевство Нидерландов,146
http://www.wikidata.org/entity/Q106978193,The Great Escape,Патрик Леонард,кантри-рок,США,159
http://www.wikidata.org/entity/Q105158459,Q105158459,http://www.wikidata.org/.well-known/genid/5df1e31f1811fe9af97d6ee6c47165e4,,,
http://www.wikidata.org/entity/Q105158462,Q105158462,http://www.wikidata.org/.well-known/genid/9289686749001478c2ad3042deda0604,,,
http://www.wikidata.org/entity/Q105158461,Q105158461,http://www.wikidata.org/.well-known/genid/e50509d966042af35b04d399ae545f15,,,
http://www.wikidata.org/entity/Q105158466,Q105158466,http://www.wikidata.org/.well-known/genid/6d73caf1b815ba40916c46740df1bd1c,,,
http://www.wikidata.org/entity/Q105158464,Q105158464,http://www.wikidata.org/.well-known/genid/c732e88958ca7ea57f3956658a801501,,,
http://www.wikidata.org/entity/Q105158470,Q105158470,http://www.wikidata.org/.well-known/genid/ae5f3ec0f3c3c4e0f70e139c78a2681e,,,
http://www.wikidata.org/entity/Q105158471,Q105158471,http://www.wikidata.org/.well-known/genid/893706b585f0b0a647623ef87c011bd7,,,
http://www.wikidata.org/entity/Q105158468,Q105158468,http://www.wikidata.org/.well-known/genid/57e7df7ab694be2522440b578996bcaa,,,
http://www.wikidata.org/entity/Q105527261,Nothing but a Heartache,Wayne Bickerton,соул,Великобритания,161
http://www.wikidata.org/entity/Q106963234,Birmingham,Рэнди Ньюман,кантри-рок,США,165
http://www.wikidata.org/entity/Q106897494,Q106897494,Regi Penxten,поп-музыка,Бельгия,221
http://www.wikidata.org/entity/Q106960836,Rosanne,Nick Schilder,Palingsound,Королевство Нидерландов,159
http://www.wikidata.org/entity/Q105161175,You Don't Have to Stay,Дуви Боб,американа,Королевство Нидерландов,146
http://www.wikidata.org/entity/Q106908122,Blijf (Tot de zon je komt halen),Jan Groenteman,Недерпоп,Бельгия,212
http://www.wikidata.org/entity/Q105232023,Q105232023,Тобиас Карлссон,поп-рок,,225
http://www.wikidata.org/entity/Q106940869,Grand Hotel,Кит Рид,симфорок,Великобритания,258
http://www.wikidata.org/entity/Q105870094,Q105870094,http://www.wikidata.org/.well-known/genid/eedecf7721ab3026744382c0bb87d3c2,,,
http://www.wikidata.org/entity/Q105870098,Q105870098,http://www.wikidata.org/.well-known/genid/09c695f5889b6028019e53a5fb691374,,,
http://www.wikidata.org/entity/Q105870103,Q105870103,http://www.wikidata.org/.well-known/genid/0c07db297e8bcacd57c078f02710fb4f,,,
http://www.wikidata.org/entity/Q105870106,Q105870106,http://www.wikidata.org/.well-known/genid/2b13ca3cfc8125d1690fdbced2c4eae1,,,
http://www.wikidata.org/entity/Q105870105,Q105870105,http://www.wikidata.org/.well-known/genid/b71e033be1d89585eac38e7aa277e40a,,,
http://www.wikidata.org/entity/Q105870109,Q105870109,http://www.wikidata.org/.well-known/genid/4a2ed5220a84569fa545f87c90686c35,,,
http://www.wikidata.org/entity/Q105925725,What's in a Word,Henry Priestman,соул,Великобритания,298
http://www.wikidata.org/entity/Q107048674,Room to Move,Джон Мейолл,блюз,Великобритания,172
http://www.wikidata.org/entity/Q106380391,Rain,"Д’Арби, Теренс Трент",поп-музыка,США,179
http://www.wikidata.org/entity/Q106897494,Q106897494,Regi Penxten,EDM,Бельгия,221
http://www.wikidata.org/entity/Q105412153,We Were All Wounded at Wounded Knee,Пэт Вегас,фанк,,205
http://www.wikidata.org/entity/Q106965266,Leun op mij,Jo Lemaire,акустическая музыка,Бельгия,156
http://www.wikidata.org/entity/Q105412153,We Were All Wounded at Wounded Knee,Lolly Vegas,поп-рок,США,205
http://www.wikidata.org/entity/Q106288024,Q106288024,http://www.wikidata.org/.well-known/genid/7543fecc324b826ad6d7ada255480f47,,,
http://www.wikidata.org/entity/Q106288025,Q106288025,http://www.wikidata.org/.well-known/genid/d8a75670c33cec1fc319619bbee8100b,,,
http://www.wikidata.org/entity/Q106965266,Leun op mij,Paskal Jakobsen,акустическая музыка,Королевство Нидерландов,156
http://www.wikidata.org/entity/Q107004142,We Are One,Мэттью Уайлдер,поп-музыка,США,
http://www.wikidata.org/entity/Q100998629,Q100998629,Адам Вацлав Михна,,,
http://www.wikidata.org/entity/Q106897494,Q106897494,Miguel Wiels,поп-музыка,Бельгия,221
http://www.wikidata.org/entity/Q106978193,The Great Escape,Ильзе ДеЛанж,кантри-рок,Королевство Нидерландов,159
http://www.wikidata.org/entity/Q106288021,Q106288021,Вацлав Ганка,,Австрийская империя,
http://www.wikidata.org/entity/Q106066298,Q106066298,Thijs Boontjes,Недерпоп,Королевство Нидерландов,243
http://www.wikidata.org/entity/Q105925725,What's in a Word,Garry Christian,соул,,298
http://www.wikidata.org/entity/Q106288019,Q106288019,Ян Малат,,Цислейтания,
http://www.wikidata.org/entity/Q106288023,Q106288023,Ян Малат,,Цислейтания,
http://www.wikidata.org/entity/Q106288020,Q106288020,Ян Малат,,Цислейтания,
http://www.wikidata.org/entity/Q106288021,Q106288021,Ян Малат,,Цислейтания,
http://www.wikidata.org/entity/Q106804567,Lying All the Time,Wally Tax,нидербит,Королевство Нидерландов,192
http://www.wikidata.org/entity/Q106965266,Leun op mij,Jo Lemaire,Недерпоп,Бельгия,156
http://www.wikidata.org/entity/Q106804567,Lying All the Time,Wally Tax,гаражный рок,Королевство Нидерландов,192
http://www.wikidata.org/entity/Q106960836,Rosanne,Nick Schilder,Недерпоп,Королевство Нидерландов,159
http://www.wikidata.org/entity/Q107637127,All the Best Moves,Jacquire King,софт-рок,США,203
http://www.wikidata.org/entity/Q107407380,Winter of Love,Ильзе ДеЛанж,поп-рок,Королевство Нидерландов,235
http://www.wikidata.org/entity/Q107392672,Beautiful Distraction,Ильзе ДеЛанж,кантри-рок,Королевство Нидерландов,226
http://www.wikidata.org/entity/Q107637127,All the Best Moves,Jacquire King,фолк-рок,США,203
http://www.wikidata.org/entity/Q107379221,Pretty Amazing Grace,Нил Даймонд,кантри-рок,США,199
http://www.wikidata.org/entity/Q107637127,All the Best Moves,Smith & Burrows,инди-рок,,203
http://www.wikidata.org/entity/Q107637127,All the Best Moves,Smith & Burrows,фолк-рок,,203
http://www.wikidata.org/entity/Q107637127,All the Best Moves,Jacquire King,инди-рок,США,203
http://www.wikidata.org/entity/Q108385234,Q108385234,http://www.wikidata.org/.well-known/genid/e87a44a33965df10499cec1131f14d37,,,
http://www.wikidata.org/entity/Q108385235,Q108385235,http://www.wikidata.org/.well-known/genid/f41478c42cf1afa518daaa1af83409ce,,,
http://www.wikidata.org/entity/Q108385232,Q108385232,http://www.wikidata.org/.well-known/genid/175924fe422edfa5e3c2d0070924872b,,,
http://www.wikidata.org/entity/Q108385238,Q108385238,http://www.wikidata.org/.well-known/genid/027da3d71747e7e21acb5e3c987dc621,,,
http://www.wikidata.org/entity/Q108385236,Q108385236,http://www.wikidata.org/.well-known/genid/2cdc171c1036950509275a665014bbca,,,
http://www.wikidata.org/entity/Q108385243,Q108385243,http://www.wikidata.org/.well-known/genid/fa8332f8fe3a28249cbacfefaf5286b0,,,
http://www.wikidata.org/entity/Q108385240,Q108385240,http://www.wikidata.org/.well-known/genid/41715d1d5ec9256dbdc7fbcfc8ff548d,,,
http://www.wikidata.org/entity/Q108385595,Q108385595,http://www.wikidata.org/.well-known/genid/c7e52d8a4b8821096617365598f6a876,,,
http://www.wikidata.org/entity/Q108385596,Q108385596,http://www.wikidata.org/.well-known/genid/7dc15199f254f0956ad53576384c33c9,,,
http://www.wikidata.org/entity/Q108386456,Q108386456,http://www.wikidata.org/.well-known/genid/2b3d709a7147655c46059c76d56fc03c,,,
http://www.wikidata.org/entity/Q108386463,Q108386463,http://www.wikidata.org/.well-known/genid/3f31ef3241f03a0f190884de0aac5d46,,,
http://www.wikidata.org/entity/Q108386466,Q108386466,http://www.wikidata.org/.well-known/genid/d36380222ea8aafee45fb3187b214f02,,,
http://www.wikidata.org/entity/Q108386467,Q108386467,http://www.wikidata.org/.well-known/genid/933e619955e10e650fbd0578ad726a6a,,,
http://www.wikidata.org/entity/Q108386465,Q108386465,http://www.wikidata.org/.well-known/genid/440f9b81de49d08d2c19c696aa7ff2fe,,,
http://www.wikidata.org/entity/Q107499554,Ze lijkt net niet op jou,Simon Keizer,Недерпоп,Королевство Нидерландов,217
http://www.wikidata.org/entity/Q107426089,Window of Hope,Oleta Adams,госпел,США,264
http://www.wikidata.org/entity/Q108539934,Q108539934,http://www.wikidata.org/.well-known/genid/1ff4d057a2696a4154cbc29edcec3dfd,,,
http://www.wikidata.org/entity/Q108539935,Q108539935,http://www.wikidata.org/.well-known/genid/b2296a73db69a5e1443c8e3b5555b583,,,
http://www.wikidata.org/entity/Q108539942,Q108539942,http://www.wikidata.org/.well-known/genid/3616b14ecc0f87dbf9ea78dd7b53ae31,,,
http://www.wikidata.org/entity/Q108539941,Q108539941,http://www.wikidata.org/.well-known/genid/cb58d726b974459061c5a914f91efcf7,,,
http://www.wikidata.org/entity/Q108539946,Q108539946,http://www.wikidata.org/.well-known/genid/5a6c938e0372cc9c486d420ffc5368ab,,,
http://www.wikidata.org/entity/Q108539944,Q108539944,http://www.wikidata.org/.well-known/genid/38010068b22037f999f52dbededa5e98,,,
http://www.wikidata.org/entity/Q108539950,Q108539950,http://www.wikidata.org/.well-known/genid/5dee0ed43d58a878521d7af838a2c968,,,
http://www.wikidata.org/entity/Q108539948,Q108539948,http://www.wikidata.org/.well-known/genid/3c458114aab217342161f2273837b77d,,,
http://www.wikidata.org/entity/Q108539953,Q108539953,http://www.wikidata.org/.well-known/genid/4a340896be9383f39b86ab48c923bf19,,,
http://www.wikidata.org/entity/Q108539956,Q108539956,http://www.wikidata.org/.well-known/genid/37fe97716ac6bfabe2efb993fefdd5b6,,,
http://www.wikidata.org/entity/Q108539962,Q108539962,http://www.wikidata.org/.well-known/genid/ff035484608bf87bd462280086289d42,,,
http://www.wikidata.org/entity/Q108539960,Q108539960,http://www.wikidata.org/.well-known/genid/b294235f55c4c77681e05663ae4e72b0,,,
http://www.wikidata.org/entity/Q108539961,Q108539961,http://www.wikidata.org/.well-known/genid/40e4e5fcb3c985371c339ae80f5e173a,,,
http://www.wikidata.org/entity/Q108539964,Q108539964,http://www.wikidata.org/.well-known/genid/37c84b19002bb0a965aa2d38477ddff7,,,
http://www.wikidata.org/entity/Q107426089,Window of Hope,Oleta Adams,ритм-н-блюз,США,264
http://www.wikidata.org/entity/Q108385597,Q108385597,Jan Evangelista Nečas,,,
http://www.wikidata.org/entity/Q108386450,Q108386450,František Žák,,,
http://www.wikidata.org/entity/Q107508969,100 Years,Joey Dyser,поп-музыка,Королевство Нидерландов,187
http://www.wikidata.org/entity/Q107379221,Pretty Amazing Grace,Нил Даймонд,поп-рок,США,199
http://www.wikidata.org/entity/Q108374447,Reina Momo,Indio Solari,,Аргентина,
http://www.wikidata.org/entity/Q108386454,Q108386454,Адам Вацлав Михна,,,
http://www.wikidata.org/entity/Q107392672,Beautiful Distraction,Джефф Коэн,кантри-рок,США,226
http://www.wikidata.org/entity/Q107499554,Ze lijkt net niet op jou,Gordon Groothedde,Недерпоп,Королевство Нидерландов,217
http://www.wikidata.org/entity/Q108386460,Q108386460,Vladimír Šťastný,,,
http://www.wikidata.org/entity/Q108824606,Mobile Bay,Curly Putman,кантри,США,
http://www.wikidata.org/entity/Q107426089,Window of Hope,Oleta Adams,соул,США,264
http://www.wikidata.org/entity/Q107637127,All the Best Moves,Smith & Burrows,софт-рок,,203
http://www.wikidata.org/entity/Q107447222,Titles,Джон Лииз,софт-рок,Великобритания,218
http://www.wikidata.org/entity/Q107407380,Winter of Love,Rob Crosby,поп-рок,США,235
http://www.wikidata.org/entity/Q110306888,Sekret,Ронела Хаяти,фолк,Албания,181
http://www.wikidata.org/entity/Q109299217,Only the brave,Луи Томлинсон,поп-музыка,Великобритания,
http://www.wikidata.org/entity/Q67202614,Q67202614,Франтишек Ладислав Челаковский,,Австрийская империя,
http://www.wikidata.org/entity/Q67202615,Q67202615,Франтишек Ладислав Челаковский,,Австрийская империя,
http://www.wikidata.org/entity/Q67202613,Q67202613,Франтишек Ладислав Челаковский,,Австрийская империя,
http://www.wikidata.org/entity/Q67202618,Q67202618,Франтишек Ладислав Челаковский,,Австрийская империя,
http://www.wikidata.org/entity/Q67202619,Q67202619,Франтишек Ладислав Челаковский,,Австрийская империя,
http://www.wikidata.org/entity/Q67202616,Q67202616,Франтишек Ладислав Челаковский,,Австрийская империя,
http://www.wikidata.org/entity/Q67202617,Q67202617,Франтишек Ладислав Челаковский,,Австрийская империя,
http://www.wikidata.org/entity/Q67202623,Q67202623,Франтишек Ладислав Челаковский,,Австрийская империя,
http://www.wikidata.org/entity/Q67202626,Q67202626,Франтишек Ладислав Челаковский,,Австрийская империя,
http://www.wikidata.org/entity/Q67202627,Q67202627,Франтишек Ладислав Челаковский,,Австрийская империя,
http://www.wikidata.org/entity/Q67202624,Q67202624,Франтишек Ладислав Челаковский,,Австрийская империя,
http://www.wikidata.org/entity/Q67202625,Q67202625,Франтишек Ладислав Челаковский,,Австрийская империя,
http://www.wikidata.org/entity/Q67202630,Q67202630,Франтишек Ладислав Челаковский,,Австрийская империя,
http://www.wikidata.org/entity/Q67202631,Q67202631,Франтишек Ладислав Челаковский,,Австрийская империя,
http://www.wikidata.org/entity/Q67202628,Q67202628,Франтишек Ладислав Челаковский,,Австрийская империя,
http://www.wikidata.org/entity/Q67202629,Q67202629,Франтишек Ладислав Челаковский,,Австрийская империя,
http://www.wikidata.org/entity/Q67202634,Q67202634,Франтишек Ладислав Челаковский,,Австрийская империя,
http://www.wikidata.org/entity/Q67202635,Q67202635,Франтишек Ладислав Челаковский,,Австрийская империя,
http://www.wikidata.org/entity/Q67202632,Q67202632,Франтишек Ладислав Челаковский,,Австрийская империя,
http://www.wikidata.org/entity/Q67202633,Q67202633,Франтишек Ладислав Челаковский,,Австрийская империя,
http://www.wikidata.org/entity/Q67202636,Q67202636,Франтишек Ладислав Челаковский,,Австрийская империя,
http://www.wikidata.org/entity/Q107169230,Luna,Romano Musumarra,оперный поп,Италия,238
http://www.wikidata.org/entity/Q95754609,Gone Girl,Джек Клемент,кантри,США,
http://www.wikidata.org/entity/Q21427414,Flesh Without Blood,Граймс,дэнс-рок,Канада,264
http://www.wikidata.org/entity/Q109274400,Praise the Lord and Pass the Soup,Альберт Хаммонд,кантри,Великобритания,
http://www.wikidata.org/entity/Q109045275,Q109045275,Жан-Клод Ваннье,,Франция,
http://www.wikidata.org/entity/Q94792023,Rosanna's Going Wild,Анита Картер,кантри,США,
http://www.wikidata.org/entity/Q108874734,Long-Legged Guitar Pickin' Man,Маршалл Грант,фолк,США,
http://www.wikidata.org/entity/Q67202605,Q67202605,Вацлав Ганка,,Австрийская империя,
http://www.wikidata.org/entity/Q107248219,Blijf bij mij,Lisa Boray,соул,Королевство Нидерландов,186
http://www.wikidata.org/entity/Q27313478,Marseilléza,Клод Жозеф Руже де Лиль,,Франция,
http://www.wikidata.org/entity/Q109274400,Praise the Lord and Pass the Soup,Майк Хэзлвуд,кантри,Великобритания,
http://www.wikidata.org/entity/Q42537448,Whatever You Want,Shellback,поп-рок,Швеция,242
http://www.wikidata.org/entity/Q48756289,Dommage,Stromae,French hip-hop,Бельгия,
http://www.wikidata.org/entity/Q95751764,I Will Rock and Roll with You,Джонни Кэш,рок-н-ролл,США,
http://www.wikidata.org/entity/Q62470294,"Spooky, Scary Skeletons",Эндрю Голд,,США,
http://www.wikidata.org/entity/Q107248219,Blijf bij mij,Guus Westdorp,Недерпоп,Королевство Нидерландов,186
http://www.wikidata.org/entity/Q48756289,Dommage,Oli,French hip-hop,Франция,
http://www.wikidata.org/entity/Q93894857,Happy to Be with You,Джонни Кэш,кантри,США,
http://www.wikidata.org/entity/Q48756289,Dommage,Oli,French hip-hop,Аргентина,
http://www.wikidata.org/entity/Q110146648,Q110146648,Adivi Bapiraju,,Индия,
http://www.wikidata.org/entity/Q107351310,Q107351310,http://www.wikidata.org/.well-known/genid/3dce191434655f6e707ed1c27e4041ae,,,
http://www.wikidata.org/entity/Q107351311,Q107351311,http://www.wikidata.org/.well-known/genid/e889a62877d0bed73d1f30a9e30c58e8,,,
http://www.wikidata.org/entity/Q107351309,Q107351309,http://www.wikidata.org/.well-known/genid/cd3ebcad3a453ba19ddf1bf652c8d7e1,,,
http://www.wikidata.org/entity/Q107351314,Q107351314,http://www.wikidata.org/.well-known/genid/cbcb10559e6ab3c04d30164bfefaa2e7,,,
http://www.wikidata.org/entity/Q107351315,Q107351315,http://www.wikidata.org/.well-known/genid/78f161c593943e4056ce9cc40008ea88,,,
http://www.wikidata.org/entity/Q107351312,Q107351312,http://www.wikidata.org/.well-known/genid/afccab40119d0bf306963a9bb49b72bc,,,
http://www.wikidata.org/entity/Q107351313,Q107351313,http://www.wikidata.org/.well-known/genid/8cb506c46a192f87a72198f0215b20fe,,,
http://www.wikidata.org/entity/Q107351318,Q107351318,http://www.wikidata.org/.well-known/genid/fc614717884940acb910a55b794f22ac,,,
http://www.wikidata.org/entity/Q107351319,Q107351319,http://www.wikidata.org/.well-known/genid/8da8b550b875c9b73662ef09829b90ec,,,
http://www.wikidata.org/entity/Q107351316,Q107351316,http://www.wikidata.org/.well-known/genid/aecb97fe5b92774b80ab499997430600,,,
http://www.wikidata.org/entity/Q107351317,Q107351317,http://www.wikidata.org/.well-known/genid/86b84d87d1314691a1e6080b754f3c5a,,,
http://www.wikidata.org/entity/Q107351320,Q107351320,http://www.wikidata.org/.well-known/genid/fc9fecf5bf8586e08b597eab4ffd9cb7,,,
http://www.wikidata.org/entity/Q93894857,Happy to Be with You,Джун Картер,кантри,США,
http://www.wikidata.org/entity/Q107248219,Blijf bij mij,Lisa Boray,Недерпоп,Королевство Нидерландов,186
http://www.wikidata.org/entity/Q46499392,Homme tout petit,Жан-Мишель Рива,,Франция,
http://www.wikidata.org/entity/Q46499392,Homme tout petit,Жан-Пьер Буртэйр,,Франция,
http://www.wikidata.org/entity/Q46514339,"Ivan, Boris et moi",Эмиль Штерн,,Франция,
http://www.wikidata.org/entity/Q109042484,La Ville s'endormait,Жак Брель,,Бельгия,
http://www.wikidata.org/entity/Q110146648,Q110146648,Adivi Bapiraju,,Британская Индия,
http://www.wikidata.org/entity/Q67202576,Q67202576,Юрай Трановский,,,
http://www.wikidata.org/entity/Q92050379,Sometimes a Memory Ain't Enough,Stan Kesler,кантри,США,
http://www.wikidata.org/entity/Q56407145,Q56407145,Hans Wiers-Jenssen,,Норвегия,
http://www.wikidata.org/entity/Q94451280,Girl in Saskatoon,Джонни Кэш,кантри,США,
http://www.wikidata.org/entity/Q93933501,You Beat All I Ever Saw,Джонни Кэш,кантри,США,
http://www.wikidata.org/entity/Q110146648,Q110146648,Adivi Bapiraju,,Индийский Союз,
http://www.wikidata.org/entity/Q94792023,Rosanna's Going Wild,Хелен Картер,кантри,США,
http://www.wikidata.org/entity/Q95058858,Q95058858,Наоми Шемер,,Израиль,
http://www.wikidata.org/entity/Q29321640,Memorabilia,Марк Алмонд,,Великобритания,
http://www.wikidata.org/entity/Q21427414,Flesh Without Blood,Граймс,дэнс-поп,Канада,264
http://www.wikidata.org/entity/Q59558470,RBB (Really Bad Boy),Kenzie,K-pop,Республика Корея,
http://www.wikidata.org/entity/Q107348236,Sunflower,Rex Orange County,поп-музыка,Великобритания,253
http://www.wikidata.org/entity/Q93996635,Red Velvet,Иэн Тайсон,кантри,Канада,
http://www.wikidata.org/entity/Q48756289,Dommage,Bigflo,French hip-hop,Франция,
http://www.wikidata.org/entity/Q110306888,Sekret,Ронела Хаяти,поп-музыка,Албания,181
http://www.wikidata.org/entity/Q109646967,Differently,Ehiz Lenz,афробит,Нигерия,
http://www.wikidata.org/entity/Q48756289,Dommage,Bigflo,French hip-hop,Аргентина,
http://www.wikidata.org/entity/Q59169664,Q59169664,Вэнь Тяньсян,,Southern Song dynasty,
http://www.wikidata.org/entity/Q24254925,I'm Lying on the Beach,Михаил Викторович Чертищев,поп-музыка,Россия,
http://www.wikidata.org/entity/Q110218559,Q110218559,Леа Гольдберг,,Израиль,
http://www.wikidata.org/entity/Q62618726,Píseň novou Pánu zpívejte,Jiři Strejc,,,
http://www.wikidata.org/entity/Q95216374,Singing in Viet Nam Talking Blues,Джонни Кэш,кантри,США,
http://www.wikidata.org/entity/Q94451280,Girl in Saskatoon,Джонни Кэш,рок-н-ролл,США,
http://www.wikidata.org/entity/Q54462130,Q54462130,Йозеф Вацлав Сладек,,Австрийская империя,
http://www.wikidata.org/entity/Q46514339,"Ivan, Boris et moi",Эдди Марней,,Франция,
http://www.wikidata.org/entity/Q87229835,Ghen,Khắc Hưng,поп-музыка,,321
http://www.wikidata.org/entity/Q86102150,Q86102150,http://www.wikidata.org/.well-known/genid/e3a108251bdc5d92be08b6f4680bcee3,,,
http://www.wikidata.org/entity/Q54463446,Q54463446,Йозеф Вацлав Сладек,,Австрийская империя,
http://www.wikidata.org/entity/Q54460755,Q54460755,Bedřich Peška,,,
http://www.wikidata.org/entity/Q50005140,Caméléon,Maître Gims,поп-музыка,Демократическая Республика Конго,
http://www.wikidata.org/entity/Q92025297,I Can't Seem to Say Goodbye,Дональд Робертсон,кантри,США,
http://www.wikidata.org/entity/Q94451280,Girl in Saskatoon,Джонни Хортон,кантри,США,
http://www.wikidata.org/entity/Q110357191,Le Bal Idalie,Alexis Poulin,,,
http://www.wikidata.org/entity/Q67202605,Q67202605,Йозеф Властимил Камарит,,Австрийская империя,
http://www.wikidata.org/entity/Q42537448,Whatever You Want,Макс Мартин,поп-рок,Швеция,242
http://www.wikidata.org/entity/Q54463000,Q54463000,Йосеф Срб,,,
http://www.wikidata.org/entity/Q94662380,Bad News,Джон Лаудермилк,кантри,США,
http://www.wikidata.org/entity/Q71970614,Q71970614,Антонин Дворжак,,Цислейтания,
http://www.wikidata.org/entity/Q71970613,Q71970613,Антонин Дворжак,,Цислейтания,
http://www.wikidata.org/entity/Q54460052,Q54460052,Йозеф Звонарж,,,
http://www.wikidata.org/entity/Q42415663,Beautiful Trauma,Джек Антонофф,поп-рок,США,250
http://www.wikidata.org/entity/Q28972637,tante,Wu Yizhen,,Китай,
http://www.wikidata.org/entity/Q94792023,Rosanna's Going Wild,Джун Картер,кантри,США,
http://www.wikidata.org/entity/Q71970614,Q71970614,Антонин Дворжак,,Королевство Богемия,
http://www.wikidata.org/entity/Q71970613,Q71970613,Антонин Дворжак,,Королевство Богемия,
http://www.wikidata.org/entity/Q93725731,Austin Prison,Джонни Кэш,кантри,США,
http://www.wikidata.org/entity/Q109546294,Corazón de plomo,Juan Pardo,детская песня,Испания,
http://www.wikidata.org/entity/Q94451280,Girl in Saskatoon,Джонни Хортон,рок-н-ролл,США,
http://www.wikidata.org/entity/Q54460949,Naše písně,Antonín Vorel,,Чехословакия,
http://www.wikidata.org/entity/Q59169664,Q59169664,Вэнь Тяньсян,,империя Сун,
http://www.wikidata.org/entity/Q110306888,Sekret,Ронела Хаяти,реггетон,Албания,181
http://www.wikidata.org/entity/Q104977238,Q104977238,http://www.wikidata.org/.well-known/genid/7a77d3e19ac982b7fa6ab8d04f0f5bf2,,,
http://www.wikidata.org/entity/Q67202605,Q67202605,Милота-Здирад Поляк,,,
http://www.wikidata.org/entity/Q108909563,'O Sole Mio,Джованни Капурро,,Королевство Италия,
http://www.wikidata.org/entity/Q47382535,Les Petits Pois,Félix Mortreuil,,Франция,
http://www.wikidata.org/entity/Q25495529,The Two Trees,Уильям Батлер Йейтс,поэзия,Ирландское Свободное государство,
http://www.wikidata.org/entity/Q59558470,RBB (Really Bad Boy),Kenzie,ритм-н-блюз,Республика Корея,
http://www.wikidata.org/entity/Q93894857,Happy to Be with You,Мерл Килгор,кантри,США,
http://www.wikidata.org/entity/Q109475860,Q109475860,Minh Tuyền Diệp,,,
http://www.wikidata.org/entity/Q46499392,Homme tout petit,Фрэнк Томас,,Франция,
http://www.wikidata.org/entity/Q110306888,Sekret,Ронела Хаяти,фанк-кариока,Албания,181
http://www.wikidata.org/entity/Q71968779,Q71968779,Зденек Фибих,,Австро-Венгрия,
http://www.wikidata.org/entity/Q109623795,Q109623795,Victor Aubert,,,
http://www.wikidata.org/entity/Q107348236,Sunflower,Rex Orange County,соул,Великобритания,253
http://www.wikidata.org/entity/Q107169230,Luna,Romano Musumarra,классический кроссовер,Италия,238
http://www.wikidata.org/entity/Q42415663,Beautiful Trauma,Пинк,поп-рок,США,250
http://www.wikidata.org/entity/Q42537448,Whatever You Want,Пинк,поп-рок,США,242
http://www.wikidata.org/entity/Q107369933,You Were My Friend,Chi Coltrane,поп-рок,США,203
http://www.wikidata.org/entity/Q23017971,Try Everything,Сия,поп-музыка,Австралия,
http://www.wikidata.org/entity/Q25587811,Badar Padappattu,Moyinkutty Vaidyar,поэзия,Британская Индия,
http://www.wikidata.org/entity/Q29321640,Memorabilia,Дэвид Болл,,Великобритания,
http://www.wikidata.org/entity/Q93960698,The Wind Changes,Джонни Кэш,кантри,США,
http://www.wikidata.org/entity/Q107248219,Blijf bij mij,Guus Westdorp,соул,Королевство Нидерландов,186
http://www.wikidata.org/entity/Q72727778,Q72727778,башкиры,народная песня,,
http://www.wikidata.org/entity/Q107348236,Sunflower,Rex Orange County,фанк,Великобритания,253
http://www.wikidata.org/entity/Q108874734,Long-Legged Guitar Pickin' Man,Маршалл Грант,кантри,США,
http://www.wikidata.org/entity/Q50005140,Caméléon,Maître Gims,рэп,Демократическая Республика Конго,
http://www.wikidata.org/entity/Q95593267,Papa Was a Good Man,Hal Bynum,кантри,США,
http://www.wikidata.org/entity/Q71968779,Q71968779,Йозеф Вацлав Сладек,,Австрийская империя,
http://www.wikidata.org/entity/Q95751764,I Will Rock and Roll with You,Джонни Кэш,кантри,США,
http://www.wikidata.org/entity/Q110306888,Sekret,Ронела Хаяти,мумбатон,Албания,181
http://www.wikidata.org/entity/Q111906579,Q111906579,http://www.wikidata.org/.well-known/genid/b50dcf7692b4afa1ab1f214c1dff23c8,,,
http://www.wikidata.org/entity/Q111906582,Q111906582,http://www.wikidata.org/.well-known/genid/9f68d15c389a43f67ddd7a1e82f14e94,,,
http://www.wikidata.org/entity/Q111906580,Q111906580,http://www.wikidata.org/.well-known/genid/0a405962fe1c8499e3cd44aa7f35b116,,,
http://www.wikidata.org/entity/Q111906581,Q111906581,http://www.wikidata.org/.well-known/genid/996a10bc70b2a7667eed187b234a09e8,,,
http://www.wikidata.org/entity/Q111906584,Q111906584,http://www.wikidata.org/.well-known/genid/5bd07fea33466db931a544ae7b3771dc,,,
http://www.wikidata.org/entity/Q111906606,Q111906606,http://www.wikidata.org/.well-known/genid/00ef6a0742efc2dad695aa9338c5d474,,,
http://www.wikidata.org/entity/Q111906607,Q111906607,http://www.wikidata.org/.well-known/genid/a78ea8e4dee1e2518e827be00ab897ff,,,
http://www.wikidata.org/entity/Q111906610,Q111906610,http://www.wikidata.org/.well-known/genid/f1561cf2ed2866fcbf9f198f35559007,,,
http://www.wikidata.org/entity/Q111906611,Q111906611,http://www.wikidata.org/.well-known/genid/2d84ea0b2e73cf43a1cc3c0b11cb00a2,,,
http://www.wikidata.org/entity/Q111906608,Q111906608,http://www.wikidata.org/.well-known/genid/a0b9a2dc02c0df5f777d96ec09ca733b,,,
http://www.wikidata.org/entity/Q111906609,Q111906609,http://www.wikidata.org/.well-known/genid/9e52bd4802cfa2c42de65d5cf5ddb111,,,
http://www.wikidata.org/entity/Q111906614,Q111906614,http://www.wikidata.org/.well-known/genid/c8faa99a99dd8949679ef5058e71ac78,,,
http://www.wikidata.org/entity/Q111906615,Q111906615,http://www.wikidata.org/.well-known/genid/4376b9afc4170f1eb57432e806e4bb04,,,
http://www.wikidata.org/entity/Q111906613,Q111906613,http://www.wikidata.org/.well-known/genid/ac183c7976614777516678a70b53f8ed,,,
http://www.wikidata.org/entity/Q113493296,Wandering to Tamsui,Chen Ming-chang,,Китайская Республика (Тайвань),
http://www.wikidata.org/entity/Q112898947,Q112898947,Václav Juda Novotný,,Австро-Венгрия,
http://www.wikidata.org/entity/Q112898944,Q112898944,Václav Juda Novotný,,Австро-Венгрия,
http://www.wikidata.org/entity/Q112898947,Q112898947,Václav Juda Novotný,,Австрийская империя,
http://www.wikidata.org/entity/Q112898944,Q112898944,Václav Juda Novotný,,Австрийская империя,
http://www.wikidata.org/entity/Q111605264,Q111605264,Ян Гус,,Королевство Богемия,
http://www.wikidata.org/entity/Q112632619,Владимир Путин — молодец!,Олег Эдуардович Лихачёв,,Россия,
http://www.wikidata.org/entity/Q111906601,Q111906601,Карел Яромир Эрбен,,Австро-Венгрия,
http://www.wikidata.org/entity/Q111906601,Q111906601,Карел Яромир Эрбен,,Австрийская империя,
http://www.wikidata.org/entity/Q112052183,"Where the Fork, Afu",Чэнь Цзи Хао,новелти,Китайская Республика (Тайвань),110
http://www.wikidata.org/entity/Q111680662,Twee motten,Tom Manders,,Королевство Нидерландов,
http://www.wikidata.org/entity/Q111210405,Q111210405,Робер Ньель,,Франция,
http://www.wikidata.org/entity/Q112899437,Q112899437,http://www.wikidata.org/.well-known/genid/36e8fd03c389a4185f2b5a3c173ae329,,,
http://www.wikidata.org/entity/Q113291490,Zbroja,Яцек Качмарский,,Польша,
http://www.wikidata.org/entity/Q112898971,Q112898971,Людвик Куба,,Чехословакия,
http://www.wikidata.org/entity/Q112898972,Q112898972,Людвик Куба,,Чехословакия,
http://www.wikidata.org/entity/Q112898971,Q112898971,Людвик Куба,,Австро-Венгрия,
http://www.wikidata.org/entity/Q112898972,Q112898972,Людвик Куба,,Австро-Венгрия,
http://www.wikidata.org/entity/Q112898971,Q112898971,Людвик Куба,,Австрийская империя,
http://www.wikidata.org/entity/Q112898972,Q112898972,Людвик Куба,,Австрийская империя,
http://www.wikidata.org/entity/Q112898874,Q112898874,Antonín Vorel,,Чехословакия,
http://www.wikidata.org/entity/Q112898875,Q112898875,Antonín Vorel,,Чехословакия,
http://www.wikidata.org/entity/Q112898876,Q112898876,Antonín Vorel,,Чехословакия,
http://www.wikidata.org/entity/Q112898948,Q112898948,Ferdinand Sládek,,Чехословакия,
http://www.wikidata.org/entity/Q112632574,"Дядя Вова, мы с тобой!",Q112632557,патриотическая песня,,
http://www.wikidata.org/entity/Q112052183,"Where the Fork, Afu",Чэнь Цзи Хао,метал,Китайская Республика (Тайвань),110
http://www.wikidata.org/entity/Q112843572,Q112843572,Карел Яромир Эрбен,,Австро-Венгрия,
http://www.wikidata.org/entity/Q112843578,Q112843578,Карел Яромир Эрбен,,Австро-Венгрия,
http://www.wikidata.org/entity/Q112843579,Q112843579,Карел Яромир Эрбен,,Австро-Венгрия,
http://www.wikidata.org/entity/Q112843576,Q112843576,Карел Яромир Эрбен,,Австро-Венгрия,
http://www.wikidata.org/entity/Q112843584,Q112843584,Карел Яромир Эрбен,,Австро-Венгрия,
http://www.wikidata.org/entity/Q112843572,Q112843572,Карел Яромир Эрбен,,Австрийская империя,
http://www.wikidata.org/entity/Q112843578,Q112843578,Карел Яромир Эрбен,,Австрийская империя,
http://www.wikidata.org/entity/Q112843579,Q112843579,Карел Яромир Эрбен,,Австрийская империя,
http://www.wikidata.org/entity/Q112843576,Q112843576,Карел Яромир Эрбен,,Австрийская империя,
http://www.wikidata.org/entity/Q112843584,Q112843584,Карел Яромир Эрбен,,Австрийская империя,
http://www.wikidata.org/entity/Q112898946,Q112898946,Ян Малат,,Цислейтания,
http://www.wikidata.org/entity/Q112898949,Q112898949,Ян Малат,,Цислейтания,
http://www.wikidata.org/entity/Q111196321,Q111196321,Clara Luciani,,Франция,
http://www.wikidata.org/entity/Q111812613,Je saigne encore,KYO,альтернативный рок,,
http://www.wikidata.org/entity/Q111476379,Q111476379,http://www.wikidata.org/.well-known/genid/3d17118a74a36e8b60bb8c8f7d31c848,,,
http://www.wikidata.org/entity/Q111476382,Q111476382,http://www.wikidata.org/.well-known/genid/ca7544cfe223b0790540cfe8ffaa58e1,,,
http://www.wikidata.org/entity/Q111476383,Q111476383,http://www.wikidata.org/.well-known/genid/f6245edf49e11aaea7d0a7273b81bde6,,,
http://www.wikidata.org/entity/Q111476380,Q111476380,http://www.wikidata.org/.well-known/genid/e399475f19eb4843b5766e6fe20e0e29,,,
http://www.wikidata.org/entity/Q111476381,Q111476381,http://www.wikidata.org/.well-known/genid/92f92ae18ae7b6481da9049db935d8d4,,,
http://www.wikidata.org/entity/Q111476386,Q111476386,http://www.wikidata.org/.well-known/genid/4bd94ab4086aa01ec6524e679577fc18,,,
http://www.wikidata.org/entity/Q111476384,Q111476384,http://www.wikidata.org/.well-known/genid/fb4e97be64cde7e9ad3d78ab38436fb4,,,
http://www.wikidata.org/entity/Q111482520,Q111482520,http://www.wikidata.org/.well-known/genid/04e0ce6cc6799e588b9019790db15629,,,
http://www.wikidata.org/entity/Q111605264,Q111605264,Ян Гус,,Священная Римская империя,
http://www.wikidata.org/entity/Q112898947,Q112898947,Václav Juda Novotný,,Чехословакия,
http://www.wikidata.org/entity/Q112898944,Q112898944,Václav Juda Novotný,,Чехословакия,
http://www.wikidata.org/entity/Q124287822,Q124287822,Wolfgang Mürmann,шлягер,Германия,
http://www.wikidata.org/entity/Q120135256,Alzateko jaun,Xabier Lete,фолк,Испания,
http://www.wikidata.org/entity/Q117077207,Singing Hills,Мак Дэвид,кантри,США,
http://www.wikidata.org/entity/Q124155494,A Game I Can’t Afford to Lose,Ronnie Rogers,кантри,США,
http://www.wikidata.org/entity/Q124347628,Q124347628,Lotar Olias,вестерн,Германия,
http://www.wikidata.org/entity/Q124078827,Q124078827,Lotar Olias,шлягер,Германия,
http://www.wikidata.org/entity/Q124267334,Q124267334,Michael Holm,моряцкая песня,Германия,
http://www.wikidata.org/entity/Q120897574,Q120897574,http://www.wikidata.org/.well-known/genid/110a430b338eac08c8d180d1eb863310,,,
http://www.wikidata.org/entity/Q124294926,Q124294926,Фредди Куинн,шлягер,Австрия,
http://www.wikidata.org/entity/Q124369381,Q124369381,Фредди Куинн,шлягер,Австрия,
http://www.wikidata.org/entity/Q124364894,Q124364894,Фредди Куинн,шлягер,Австрия,
http://www.wikidata.org/entity/Q124205059,Q124205059,Leo Leandros,шлягер,Греция,
http://www.wikidata.org/entity/Q124369381,Q124369381,Joachim Relin,шлягер,,
http://www.wikidata.org/entity/Q124316516,Q124316516,Хаим Сабан,кантри,Египет,
http://www.wikidata.org/entity/Q124316516,Q124316516,Хаим Сабан,кантри,США,
http://www.wikidata.org/entity/Q124316516,Q124316516,Клод Боллин,вестерн,Франция,
http://www.wikidata.org/entity/Q124295958,Q124295958,Stanley Kahan,шлягер,США,
http://www.wikidata.org/entity/Q124205059,Q124205059,Wolfgang Mürmann,шлягер,Германия,
http://www.wikidata.org/entity/Q123171046,Ам Исраэль хай,Шломо Карлебах,,США,
http://www.wikidata.org/entity/Q124158986,Q124158986,http://www.wikidata.org/.well-known/genid/f37c5516bb903b16ecf336485f374c31,одиночество,,
http://www.wikidata.org/entity/Q124381955,Q124381955,Lotar Olias,шлягер,Германия,
http://www.wikidata.org/entity/Q124409031,Afghanistan (song),William Wilander,новелти,,
http://www.wikidata.org/entity/Q123171046,Ам Исраэль хай,Шломо Карлебах,,Германия,
http://www.wikidata.org/entity/Q124419317,Q124419317,Norbert Hammerschmidt,шлягер,Германия,
http://www.wikidata.org/entity/Q124287822,Q124287822,John O’Brien-Docker,шлягер,Великобритания,
http://www.wikidata.org/entity/Q124316516,Q124316516,Хаим Сабан,кантри,Королевство Египет,
http://www.wikidata.org/entity/Q124286747,Q124286747,Georg Buschor,шлягер,Германия,
http://www.wikidata.org/entity/Q124294926,Q124294926,Петер Орлофф,шлягер,Германия,
http://www.wikidata.org/entity/Q124151752,Q124151752,Joachim Heider,шлягер,Германия,
http://www.wikidata.org/entity/Q124316516,Q124316516,Хаим Сабан,кантри,Израиль,
http://www.wikidata.org/entity/Q124454688,Q124454688,Фредди Куинн,кантри,Австрия,
http://www.wikidata.org/entity/Q124316516,Q124316516,Хаим Сабан,вестерн,Египет,
http://www.wikidata.org/entity/Q124667086,Zangra,Жак Брель,,Бельгия,
http://www.wikidata.org/entity/Q124316516,Q124316516,Хаим Сабан,вестерн,США,
http://www.wikidata.org/entity/Q124381955,Q124381955,Lotar Olias,вестерн,Германия,
http://www.wikidata.org/entity/Q124295958,Q124295958,Берт Кемпферт,шлягер,Германия,
http://www.wikidata.org/entity/Q124215090,Q124215090,Ernst Bader,шлягер,Германия,
http://www.wikidata.org/entity/Q124454688,Q124454688,Кен Кертис,кантри,США,
http://www.wikidata.org/entity/Q124412967,Q124412967,Фредди Куинн,шлягер,Австрия,
http://www.wikidata.org/entity/Q124409031,Afghanistan (song),Harry Donnelly,новелти,,
http://www.wikidata.org/entity/Q124157463,Q124157463,Georg Buschor,шлягер,Германия,
http://www.wikidata.org/entity/Q124286747,Q124286747,Wolfgang Rödelberger,шлягер,Германия,
http://www.wikidata.org/entity/Q124316516,Q124316516,Хаим Сабан,вестерн,Королевство Египет,
http://www.wikidata.org/entity/Q124347628,Q124347628,Max Colpet,шлягер,США,
http://www.wikidata.org/entity/Q124316516,Q124316516,Шуки Леви,кантри,США,
http://www.wikidata.org/entity/Q117351047,Аист на крыше,"Поперечный, Анатолий Григорьевич",поп-музыка,Россия,
http://www.wikidata.org/entity/Q124151752,Q124151752,Михаэль Кунце,шлягер,Германия,
http://www.wikidata.org/entity/Q117351047,Аист на крыше,"Поперечный, Анатолий Григорьевич",поп-музыка,СССР,
http://www.wikidata.org/entity/Q124455341,Q124455341,Фредди Куинн,шлягер,Австрия,
http://www.wikidata.org/entity/Q124353022,Q124353022,Joachim Heider,шлягер,Германия,
http://www.wikidata.org/entity/Q124316516,Q124316516,Хаим Сабан,вестерн,Израиль,
http://www.wikidata.org/entity/Q124355807,Q124355807,Чип Тейлор,шлягер,США,
http://www.wikidata.org/entity/Q123260884,Q123260884,Jiří Černý,,Чехия,
http://www.wikidata.org/entity/Q124316516,Q124316516,Шуки Леви,кантри,Израиль,
http://www.wikidata.org/entity/Q124347628,Q124347628,Max Colpet,вестерн,США,
http://www.wikidata.org/entity/Q124369381,Q124369381,Victor Bach,шлягер,Королевство Италия,
http://www.wikidata.org/entity/Q124289682,Q124289682,народная,шлягер,,
http://www.wikidata.org/entity/Q124097863,Q124097863,Tony,шлягер,Германия,
http://www.wikidata.org/entity/Q124419106,Q124419106,Фредди Куинн,шлягер,Австрия,
http://www.wikidata.org/entity/Q124338876,Q124338876,Walter Rothenburg,моряцкая песня,Германия,
http://www.wikidata.org/entity/Q124369381,Q124369381,Victor Bach,шлягер,Италия,
http://www.wikidata.org/entity/Q124381955,Q124381955,Фредди Куинн,шлягер,Австрия,
http://www.wikidata.org/entity/Q124316516,Q124316516,Шуки Леви,вестерн,США,
http://www.wikidata.org/entity/Q124454688,Q124454688,Günther Behrle,кантри,Германия,
http://www.wikidata.org/entity/Q124419317,Q124419317,Фредди Куинн,шлягер,Австрия,
http://www.wikidata.org/entity/Q124338876,Q124338876,Walter Rothenburg,шлягер,Германия,
http://www.wikidata.org/entity/Q124267334,Q124267334,Peter Moesser,моряцкая песня,Германия,
http://www.wikidata.org/entity/Q124353022,Q124353022,Михаэль Кунце,шлягер,Германия,
http://www.wikidata.org/entity/Q124347628,Q124347628,Lotar Olias,шлягер,Германия,
http://www.wikidata.org/entity/Q124175220,Q124175220,Ernst Bader,шлягер,Германия,
http://www.wikidata.org/entity/Q124078827,Q124078827,Walter Rothenburg,моряцкая песня,Германия,
http://www.wikidata.org/entity/Q117089818,Merry May the Maid Be,"Sir John Clerk, 2nd Baronet",,Королевство Великобритания,
http://www.wikidata.org/entity/Q124078827,Q124078827,Walter Rothenburg,шлягер,Германия,
http://www.wikidata.org/entity/Q124405786,Q124405786,Фредди Куинн,шлягер,Австрия,
http://www.wikidata.org/entity/Q124338876,Q124338876,Lotar Olias,моряцкая песня,Германия,
http://www.wikidata.org/entity/Q124316516,Q124316516,Клод Боллин,кантри,Франция,
http://www.wikidata.org/entity/Q122751828,Night and Day,Андраник Шахинян,,,
http://www.wikidata.org/entity/Q124355807,Q124355807,Wes Farrell,шлягер,США,
http://www.wikidata.org/entity/Q124338876,Q124338876,Lotar Olias,шлягер,Германия,
http://www.wikidata.org/entity/Q124316516,Q124316516,Шуки Леви,вестерн,Израиль,
http://www.wikidata.org/entity/Q124381955,Q124381955,Фредди Куинн,вестерн,Австрия,
http://www.wikidata.org/entity/Q124364271,Q124364271,Фредди Куинн,шлягер,Австрия,
http://www.wikidata.org/entity/Q124205059,Q124205059,Leo Leandros,шлягер,Германия,
http://www.wikidata.org/entity/Q124078827,Q124078827,Lotar Olias,моряцкая песня,Германия,
http://www.wikidata.org/entity/Q115945775,Getcha,Matt Lang,,,
http://www.wikidata.org/entity/Q113642547,Q113642547,Kalin Donkov,баллада,Болгария,
http://www.wikidata.org/entity/Q113648969,Q113648969,Дино Мерлин,севдалинка,Босния и Герцеговина,
http://www.wikidata.org/entity/Q115135859,Q115135859,Шломо Ибн Гебироль,Q5977131,Кордовский халифат,
http://www.wikidata.org/entity/Q125491031,Q125491031,Фредди Куинн,шлягер,Австрия,
http://www.wikidata.org/entity/Q134302750,Q134302750,Леа Гольдберг,,Израиль,
http://www.wikidata.org/entity/Q115945775,Getcha,Тебей,,Канада,
http://www.wikidata.org/entity/Q126616838,Q126616838,Дживани,,Российская империя,
http://www.wikidata.org/entity/Q131438896,Q131438896,Michel Luette,,Франция,
http://www.wikidata.org/entity/Q113642547,Q113642547,Митко Штерев,баллада,,
http://www.wikidata.org/entity/Q125491031,Q125491031,Петер Орлофф,шлягер,Германия,
http://www.wikidata.org/entity/Q115945775,Getcha,Danick Dupelle,,Канада,
http://www.wikidata.org/entity/Q114275074,Q114275074,Daniel Giese,,Германия,
http://www.wikidata.org/entity/Q113585403,The Sand and the Soldier,Серж Генсбур,,Франция,
http://www.wikidata.org/entity/Q130614793,Let Us Support With Arms Our Highest Commander,Син Ун Хо,пропагандистская музыка,КНДР,
http://www.wikidata.org/entity/Q129813971,Copla de los siete niños,"Quintero, León y Quiroga",,,
http://www.wikidata.org/entity/Q114275074,Q114275074,Alexander Gast,,Германия,
http://www.wikidata.org/entity/Q114275074,Q114275074,Andreas Koroschetz,,,
http://www.wikidata.org/entity/Q113989625,hakaas (anger),Tal Gordon,рок-музыка,Израиль,257
http://www.wikidata.org/entity/Q131865373,Giorni,Андреа Ло Веккьо,,Королевство Италия,
http://www.wikidata.org/entity/Q113642547,Q113642547,Georgi Stanchev,баллада,Болгария,
http://www.wikidata.org/entity/Q136914774,Q136914774,Q136914222,,Уэльс,
http://www.wikidata.org/entity/Q115612955,Supa Dupa Diva,E-Tribe,K-pop,Республика Корея,
http://www.wikidata.org/entity/Q131865373,Giorni,Андреа Ло Веккьо,,Италия,
http://www.wikidata.org/entity/Q113648969,Q113648969,Дино Мерлин,метал,Босния и Герцеговина,
http://www.wikidata.org/entity/Q128493683,Q128493683,Миряна Башева,поп-музыка,Болгария,
http://www.wikidata.org/entity/Q125545475,La salvación,Arde Bogotá,альтернативный рок,,
